--
-- PostgreSQL database dump
--

-- Dumped from database version 14.4 (Ubuntu 14.4-1.pgdg20.04+1)
-- Dumped by pg_dump version 14.4 (Ubuntu 14.4-1.pgdg20.04+1)

SET statement_timeout = 0;
SET lock_timeout = 0;
SET idle_in_transaction_session_timeout = 0;
SET client_encoding = 'UTF8';
SET standard_conforming_strings = on;
SELECT pg_catalog.set_config('search_path', '', false);
SET check_function_bodies = false;
SET xmloption = content;
SET client_min_messages = warning;
SET row_security = off;

SET default_tablespace = '';

SET default_table_access_method = heap;

--
-- Name: channels; Type: TABLE; Schema: public; Owner: gb_user
--

CREATE TABLE public.channels (
    id integer NOT NULL,
    name character varying(120),
    info character varying(255),
    creator_id integer NOT NULL,
    main_photo_id integer,
    created_at timestamp without time zone
);


ALTER TABLE public.channels OWNER TO gb_user;

--
-- Name: channels_id_seq; Type: SEQUENCE; Schema: public; Owner: gb_user
--

CREATE SEQUENCE public.channels_id_seq
    AS integer
    START WITH 1
    INCREMENT BY 1
    NO MINVALUE
    NO MAXVALUE
    CACHE 1;


ALTER TABLE public.channels_id_seq OWNER TO gb_user;

--
-- Name: channels_id_seq; Type: SEQUENCE OWNED BY; Schema: public; Owner: gb_user
--

ALTER SEQUENCE public.channels_id_seq OWNED BY public.channels.id;


--
-- Name: channels_messages; Type: TABLE; Schema: public; Owner: gb_user
--

CREATE TABLE public.channels_messages (
    id integer NOT NULL,
    channel_id integer NOT NULL,
    body text,
    quantity_views integer,
    created_at timestamp without time zone
);


ALTER TABLE public.channels_messages OWNER TO gb_user;

--
-- Name: channels_messages_id_seq; Type: SEQUENCE; Schema: public; Owner: gb_user
--

CREATE SEQUENCE public.channels_messages_id_seq
    AS integer
    START WITH 1
    INCREMENT BY 1
    NO MINVALUE
    NO MAXVALUE
    CACHE 1;


ALTER TABLE public.channels_messages_id_seq OWNER TO gb_user;

--
-- Name: channels_messages_id_seq; Type: SEQUENCE OWNED BY; Schema: public; Owner: gb_user
--

ALTER SEQUENCE public.channels_messages_id_seq OWNED BY public.channels_messages.id;


--
-- Name: channels_users; Type: TABLE; Schema: public; Owner: gb_user
--

CREATE TABLE public.channels_users (
    channel_id integer NOT NULL,
    user_id integer NOT NULL,
    created_at timestamp without time zone
);


ALTER TABLE public.channels_users OWNER TO gb_user;

--
-- Name: comment_channels_messages; Type: TABLE; Schema: public; Owner: gb_user
--

CREATE TABLE public.comment_channels_messages (
    id integer NOT NULL,
    from_user_id integer NOT NULL,
    to_channel_message_id integer NOT NULL,
    body text,
    created_at timestamp without time zone
);


ALTER TABLE public.comment_channels_messages OWNER TO gb_user;

--
-- Name: comment_channels_messages_id_seq; Type: SEQUENCE; Schema: public; Owner: gb_user
--

CREATE SEQUENCE public.comment_channels_messages_id_seq
    AS integer
    START WITH 1
    INCREMENT BY 1
    NO MINVALUE
    NO MAXVALUE
    CACHE 1;


ALTER TABLE public.comment_channels_messages_id_seq OWNER TO gb_user;

--
-- Name: comment_channels_messages_id_seq; Type: SEQUENCE OWNED BY; Schema: public; Owner: gb_user
--

ALTER SEQUENCE public.comment_channels_messages_id_seq OWNED BY public.comment_channels_messages.id;


--
-- Name: groups; Type: TABLE; Schema: public; Owner: gb_user
--

CREATE TABLE public.groups (
    id integer NOT NULL,
    name character varying(120),
    info character varying(255),
    main_photo_id integer,
    is_open boolean,
    creator_id integer NOT NULL,
    created_at timestamp without time zone
);


ALTER TABLE public.groups OWNER TO gb_user;

--
-- Name: groups_id_seq; Type: SEQUENCE; Schema: public; Owner: gb_user
--

CREATE SEQUENCE public.groups_id_seq
    AS integer
    START WITH 1
    INCREMENT BY 1
    NO MINVALUE
    NO MAXVALUE
    CACHE 1;


ALTER TABLE public.groups_id_seq OWNER TO gb_user;

--
-- Name: groups_id_seq; Type: SEQUENCE OWNED BY; Schema: public; Owner: gb_user
--

ALTER SEQUENCE public.groups_id_seq OWNED BY public.groups.id;


--
-- Name: groups_messages; Type: TABLE; Schema: public; Owner: gb_user
--

CREATE TABLE public.groups_messages (
    id integer NOT NULL,
    from_user_id integer NOT NULL,
    group_id integer NOT NULL,
    status_id integer NOT NULL,
    body text,
    created_at timestamp without time zone
);


ALTER TABLE public.groups_messages OWNER TO gb_user;

--
-- Name: groups_messages_id_seq; Type: SEQUENCE; Schema: public; Owner: gb_user
--

CREATE SEQUENCE public.groups_messages_id_seq
    AS integer
    START WITH 1
    INCREMENT BY 1
    NO MINVALUE
    NO MAXVALUE
    CACHE 1;


ALTER TABLE public.groups_messages_id_seq OWNER TO gb_user;

--
-- Name: groups_messages_id_seq; Type: SEQUENCE OWNED BY; Schema: public; Owner: gb_user
--

ALTER SEQUENCE public.groups_messages_id_seq OWNED BY public.groups_messages.id;


--
-- Name: groups_users; Type: TABLE; Schema: public; Owner: gb_user
--

CREATE TABLE public.groups_users (
    group_id integer NOT NULL,
    user_id integer NOT NULL,
    status_id integer NOT NULL,
    created_at timestamp without time zone
);


ALTER TABLE public.groups_users OWNER TO gb_user;

--
-- Name: messages_statuses; Type: TABLE; Schema: public; Owner: gb_user
--

CREATE TABLE public.messages_statuses (
    id integer NOT NULL,
    name character varying(30)
);


ALTER TABLE public.messages_statuses OWNER TO gb_user;

--
-- Name: messages_statuses_id_seq; Type: SEQUENCE; Schema: public; Owner: gb_user
--

CREATE SEQUENCE public.messages_statuses_id_seq
    AS integer
    START WITH 1
    INCREMENT BY 1
    NO MINVALUE
    NO MAXVALUE
    CACHE 1;


ALTER TABLE public.messages_statuses_id_seq OWNER TO gb_user;

--
-- Name: messages_statuses_id_seq; Type: SEQUENCE OWNED BY; Schema: public; Owner: gb_user
--

ALTER SEQUENCE public.messages_statuses_id_seq OWNED BY public.messages_statuses.id;


--
-- Name: messages_users; Type: TABLE; Schema: public; Owner: gb_user
--

CREATE TABLE public.messages_users (
    id integer NOT NULL,
    from_user_id integer NOT NULL,
    to_user_id integer NOT NULL,
    body text,
    status_id integer NOT NULL,
    created_at timestamp without time zone
);


ALTER TABLE public.messages_users OWNER TO gb_user;

--
-- Name: messages_users_id_seq; Type: SEQUENCE; Schema: public; Owner: gb_user
--

CREATE SEQUENCE public.messages_users_id_seq
    AS integer
    START WITH 1
    INCREMENT BY 1
    NO MINVALUE
    NO MAXVALUE
    CACHE 1;


ALTER TABLE public.messages_users_id_seq OWNER TO gb_user;

--
-- Name: messages_users_id_seq; Type: SEQUENCE OWNED BY; Schema: public; Owner: gb_user
--

ALTER SEQUENCE public.messages_users_id_seq OWNED BY public.messages_users.id;


--
-- Name: photo_channels; Type: TABLE; Schema: public; Owner: gb_user
--

CREATE TABLE public.photo_channels (
    id integer NOT NULL,
    url character varying(250) NOT NULL,
    channel_id integer NOT NULL,
    description character varying(250),
    uploaded_at timestamp without time zone NOT NULL,
    size integer NOT NULL
);


ALTER TABLE public.photo_channels OWNER TO gb_user;

--
-- Name: photo_channels_id_seq; Type: SEQUENCE; Schema: public; Owner: gb_user
--

CREATE SEQUENCE public.photo_channels_id_seq
    AS integer
    START WITH 1
    INCREMENT BY 1
    NO MINVALUE
    NO MAXVALUE
    CACHE 1;


ALTER TABLE public.photo_channels_id_seq OWNER TO gb_user;

--
-- Name: photo_channels_id_seq; Type: SEQUENCE OWNED BY; Schema: public; Owner: gb_user
--

ALTER SEQUENCE public.photo_channels_id_seq OWNED BY public.photo_channels.id;


--
-- Name: photo_groups; Type: TABLE; Schema: public; Owner: gb_user
--

CREATE TABLE public.photo_groups (
    id integer NOT NULL,
    url character varying(250) NOT NULL,
    group_id integer NOT NULL,
    description character varying(250),
    uploaded_at timestamp without time zone NOT NULL,
    size integer NOT NULL
);


ALTER TABLE public.photo_groups OWNER TO gb_user;

--
-- Name: photo_groups_id_seq; Type: SEQUENCE; Schema: public; Owner: gb_user
--

CREATE SEQUENCE public.photo_groups_id_seq
    AS integer
    START WITH 1
    INCREMENT BY 1
    NO MINVALUE
    NO MAXVALUE
    CACHE 1;


ALTER TABLE public.photo_groups_id_seq OWNER TO gb_user;

--
-- Name: photo_groups_id_seq; Type: SEQUENCE OWNED BY; Schema: public; Owner: gb_user
--

ALTER SEQUENCE public.photo_groups_id_seq OWNED BY public.photo_groups.id;


--
-- Name: photo_users; Type: TABLE; Schema: public; Owner: gb_user
--

CREATE TABLE public.photo_users (
    id integer NOT NULL,
    url character varying(250) NOT NULL,
    user_id integer NOT NULL,
    description character varying(250),
    uploaded_at timestamp without time zone NOT NULL,
    size integer NOT NULL
);


ALTER TABLE public.photo_users OWNER TO gb_user;

--
-- Name: photo_users_id_seq; Type: SEQUENCE; Schema: public; Owner: gb_user
--

CREATE SEQUENCE public.photo_users_id_seq
    AS integer
    START WITH 1
    INCREMENT BY 1
    NO MINVALUE
    NO MAXVALUE
    CACHE 1;


ALTER TABLE public.photo_users_id_seq OWNER TO gb_user;

--
-- Name: photo_users_id_seq; Type: SEQUENCE OWNED BY; Schema: public; Owner: gb_user
--

ALTER SEQUENCE public.photo_users_id_seq OWNED BY public.photo_users.id;


--
-- Name: statuses_users; Type: TABLE; Schema: public; Owner: gb_user
--

CREATE TABLE public.statuses_users (
    id integer NOT NULL,
    name character varying(30)
);


ALTER TABLE public.statuses_users OWNER TO gb_user;

--
-- Name: statuses_users_id_seq; Type: SEQUENCE; Schema: public; Owner: gb_user
--

CREATE SEQUENCE public.statuses_users_id_seq
    AS integer
    START WITH 1
    INCREMENT BY 1
    NO MINVALUE
    NO MAXVALUE
    CACHE 1;


ALTER TABLE public.statuses_users_id_seq OWNER TO gb_user;

--
-- Name: statuses_users_id_seq; Type: SEQUENCE OWNED BY; Schema: public; Owner: gb_user
--

ALTER SEQUENCE public.statuses_users_id_seq OWNED BY public.statuses_users.id;


--
-- Name: users; Type: TABLE; Schema: public; Owner: gb_user
--

CREATE TABLE public.users (
    id integer NOT NULL,
    first_name character varying(50) NOT NULL,
    last_name character varying(50) NOT NULL,
    nick_name character varying(50) NOT NULL,
    phone character varying(15),
    info character varying(255),
    main_photo_id integer,
    created_at timestamp without time zone
);


ALTER TABLE public.users OWNER TO gb_user;

--
-- Name: users_id_seq; Type: SEQUENCE; Schema: public; Owner: gb_user
--

CREATE SEQUENCE public.users_id_seq
    AS integer
    START WITH 1
    INCREMENT BY 1
    NO MINVALUE
    NO MAXVALUE
    CACHE 1;


ALTER TABLE public.users_id_seq OWNER TO gb_user;

--
-- Name: users_id_seq; Type: SEQUENCE OWNED BY; Schema: public; Owner: gb_user
--

ALTER SEQUENCE public.users_id_seq OWNED BY public.users.id;


--
-- Name: channels id; Type: DEFAULT; Schema: public; Owner: gb_user
--

ALTER TABLE ONLY public.channels ALTER COLUMN id SET DEFAULT nextval('public.channels_id_seq'::regclass);


--
-- Name: channels_messages id; Type: DEFAULT; Schema: public; Owner: gb_user
--

ALTER TABLE ONLY public.channels_messages ALTER COLUMN id SET DEFAULT nextval('public.channels_messages_id_seq'::regclass);


--
-- Name: comment_channels_messages id; Type: DEFAULT; Schema: public; Owner: gb_user
--

ALTER TABLE ONLY public.comment_channels_messages ALTER COLUMN id SET DEFAULT nextval('public.comment_channels_messages_id_seq'::regclass);


--
-- Name: groups id; Type: DEFAULT; Schema: public; Owner: gb_user
--

ALTER TABLE ONLY public.groups ALTER COLUMN id SET DEFAULT nextval('public.groups_id_seq'::regclass);


--
-- Name: groups_messages id; Type: DEFAULT; Schema: public; Owner: gb_user
--

ALTER TABLE ONLY public.groups_messages ALTER COLUMN id SET DEFAULT nextval('public.groups_messages_id_seq'::regclass);


--
-- Name: messages_statuses id; Type: DEFAULT; Schema: public; Owner: gb_user
--

ALTER TABLE ONLY public.messages_statuses ALTER COLUMN id SET DEFAULT nextval('public.messages_statuses_id_seq'::regclass);


--
-- Name: messages_users id; Type: DEFAULT; Schema: public; Owner: gb_user
--

ALTER TABLE ONLY public.messages_users ALTER COLUMN id SET DEFAULT nextval('public.messages_users_id_seq'::regclass);


--
-- Name: photo_channels id; Type: DEFAULT; Schema: public; Owner: gb_user
--

ALTER TABLE ONLY public.photo_channels ALTER COLUMN id SET DEFAULT nextval('public.photo_channels_id_seq'::regclass);


--
-- Name: photo_groups id; Type: DEFAULT; Schema: public; Owner: gb_user
--

ALTER TABLE ONLY public.photo_groups ALTER COLUMN id SET DEFAULT nextval('public.photo_groups_id_seq'::regclass);


--
-- Name: photo_users id; Type: DEFAULT; Schema: public; Owner: gb_user
--

ALTER TABLE ONLY public.photo_users ALTER COLUMN id SET DEFAULT nextval('public.photo_users_id_seq'::regclass);


--
-- Name: statuses_users id; Type: DEFAULT; Schema: public; Owner: gb_user
--

ALTER TABLE ONLY public.statuses_users ALTER COLUMN id SET DEFAULT nextval('public.statuses_users_id_seq'::regclass);


--
-- Name: users id; Type: DEFAULT; Schema: public; Owner: gb_user
--

ALTER TABLE ONLY public.users ALTER COLUMN id SET DEFAULT nextval('public.users_id_seq'::regclass);


--
-- Data for Name: channels; Type: TABLE DATA; Schema: public; Owner: gb_user
--

COPY public.channels (id, name, info, creator_id, main_photo_id, created_at) FROM stdin;
1	Nascetur Ridiculus Mus Corporation	felis purus ac tellus. Suspendisse sed dolor. Fusce mi lorem, vehicula	185	62	2022-03-04 14:59:07
2	Morbi Neque Industries	ipsum leo elementum sem, vitae	129	9	2021-03-10 00:00:31
3	Ac Orci Ut Institute	faucibus lectus, a sollicitudin orci sem eget massa. Suspendisse eleifend.	100	26	2021-02-12 20:51:19
4	Lacus Mauris Non Corp.	Donec dignissim	66	16	2021-11-22 09:34:54
5	Eleifend Ltd	libero. Proin sed turpis nec mauris blandit mattis.	10	132	2022-05-31 06:10:52
6	Felis Nulla Industries	porttitor eros nec tellus. Nunc lectus pede, ultrices a, auctor non, feugiat nec, diam.	161	67	2020-01-22 22:47:38
7	Rhoncus Donec LLP	natoque penatibus et magnis dis parturient montes, nascetur ridiculus mus. Aenean eget	46	130	2022-08-29 06:33:51
8	Quam Dignissim Pharetra Associates	pulvinar arcu et pede. Nunc sed orci lobortis augue	77	81	2021-02-07 16:03:47
9	Id LLC	enim. Etiam imperdiet dictum magna. Ut tincidunt orci	86	61	2021-05-20 14:54:29
10	Eu Sem Institute	ut, sem. Nulla interdum. Curabitur dictum. Phasellus in felis. Nulla tempor	180	173	2020-08-02 08:17:13
11	Primis In LLP	sem elit, pharetra ut,	139	134	2022-09-08 23:39:11
12	Ligula Elit Inc.	Suspendisse dui. Fusce diam nunc, ullamcorper eu,	124	113	2021-05-01 09:47:32
13	Mauris Elit LLC	adipiscing. Mauris molestie pharetra nibh. Aliquam ornare, libero at auctor	130	177	2022-03-06 18:20:02
14	Aenean Gravida Company	lacinia vitae, sodales at, velit.	58	140	2021-11-16 18:25:22
15	Eu Neque LLC	pharetra. Nam ac nulla. In tincidunt congue turpis. In	136	49	2021-10-08 11:37:38
16	Tellus Phasellus Elit PC	erat semper rutrum. Fusce dolor quam, elementum	139	168	2020-09-18 22:30:05
17	Lorem Luctus Associates	lorem, vehicula et, rutrum eu, ultrices sit amet,	169	12	2020-05-07 15:51:32
18	Aliquam Institute	Quisque nonummy	39	97	2020-01-16 07:53:36
19	Sit Amet Diam PC	sed pede nec ante blandit viverra. Donec tempus, lorem	17	132	2022-04-24 06:04:17
20	Imperdiet Ornare Inc.	sit amet massa. Quisque porttitor eros nec tellus. Nunc lectus	196	145	2022-04-18 15:11:35
21	A Purus Duis Consulting	tempus risus. Donec egestas. Duis ac arcu. Nunc mauris. Morbi	178	129	2022-01-07 07:57:03
22	Arcu Nunc Industries	Fusce fermentum fermentum arcu. Vestibulum ante ipsum primis in faucibus orci luctus et	128	146	2021-10-17 05:18:54
23	Nostra Incorporated	consectetuer ipsum nunc id enim. Curabitur massa. Vestibulum accumsan neque et	86	92	2020-10-15 02:26:32
24	Aliquam LLC	In at pede. Cras vulputate velit	199	179	2022-05-13 05:50:24
25	Suscipit Corporation	erat eget ipsum. Suspendisse sagittis. Nullam vitae diam. Proin dolor. Nulla semper	160	141	2020-12-16 17:20:47
26	At Pede Incorporated	egestas a, dui. Cras pellentesque. Sed dictum. Proin eget odio. Aliquam vulputate ullamcorper	132	33	2020-01-22 21:40:49
27	Enim LLP	Fusce	190	75	2022-04-10 23:49:44
28	Amet Orci Associates	Sed eget lacus. Mauris non dui nec urna suscipit nonummy. Fusce fermentum fermentum arcu. Vestibulum	77	3	2022-07-05 12:24:57
29	Sem Egestas LLP	Nulla facilisis. Suspendisse	38	125	2021-02-27 08:33:44
30	Vel Quam Limited	luctus felis purus ac tellus. Suspendisse sed dolor. Fusce mi lorem, vehicula et,	13	109	2021-07-02 23:49:22
31	Eget Magna Ltd	dolor, nonummy ac, feugiat non, lobortis quis, pede. Suspendisse dui. Fusce diam nunc, ullamcorper	157	174	2020-05-18 19:22:19
32	Integer Id Magna LLC	Nunc sollicitudin commodo ipsum. Suspendisse	166	196	2020-08-08 12:48:47
33	Arcu Morbi Inc.	Mauris molestie pharetra nibh. Aliquam ornare, libero at	8	103	2021-08-18 21:45:14
34	Lorem Sit Institute	Duis sit amet diam eu dolor egestas rhoncus. Proin nisl sem, consequat nec,	122	47	2021-05-16 18:56:03
35	Donec Egestas Institute	enim. Suspendisse aliquet, sem ut cursus	74	111	2022-05-19 03:08:04
36	Non Hendrerit Id Limited	pellentesque a, facilisis non, bibendum sed, est. Nunc laoreet lectus quis	102	122	2020-09-17 19:22:54
37	Lacus Ut LLP	feugiat non,	50	130	2021-04-02 09:25:07
38	Eu Inc.	et pede. Nunc sed orci lobortis augue scelerisque mollis. Phasellus libero mauris, aliquam	113	52	2022-07-18 07:57:49
39	Phasellus Nulla Integer PC	fringilla est. Mauris eu turpis. Nulla aliquet.	124	106	2020-02-20 01:00:24
40	Turpis Aliquam PC	ultricies sem magna nec quam. Curabitur vel	146	182	2020-04-13 07:34:08
41	Mollis Phasellus PC	eget metus. In	190	37	2022-05-06 13:06:31
42	Leo Cras Vehicula Corporation	odio sagittis semper.	149	158	2022-05-07 05:09:03
43	Donec Felis PC	lorem vitae odio sagittis	88	88	2021-10-28 17:39:13
44	Maecenas Malesuada Corporation	sagittis. Nullam vitae diam. Proin dolor. Nulla semper tellus id	57	85	2021-05-11 09:34:23
45	Nibh Donec Est Limited	enim. Mauris	143	125	2020-12-18 14:25:12
46	Nec Tellus Nunc Inc.	eget magna. Suspendisse tristique neque venenatis	121	153	2021-04-20 10:47:09
47	Ornare Fusce Limited	dolor sit amet, consectetuer adipiscing elit. Etiam laoreet, libero et	11	7	2020-01-04 10:26:56
48	Et LLP	hendrerit consectetuer,	65	146	2020-04-03 12:26:27
49	Torquent Ltd	erat.	109	120	2021-07-27 04:07:41
50	Vel Limited	velit justo nec ante. Maecenas	95	86	2022-02-13 11:39:13
51	Facilisis Non Foundation	ullamcorper, velit in aliquet lobortis, nisi nibh lacinia orci, consectetuer euismod est arcu ac	46	9	2020-07-19 23:45:21
52	Nisi Sem Ltd	non dui nec urna	110	185	2021-11-12 03:06:42
53	A Odio Semper Limited	leo, in lobortis tellus justo sit amet nulla.	25	57	2020-02-09 09:07:45
54	Lacinia At Ltd	Donec est mauris, rhoncus id, mollis nec, cursus a, enim. Suspendisse	11	38	2022-09-06 14:20:25
55	Metus Institute	ligula.	13	130	2020-01-03 09:54:49
56	Tellus Limited	malesuada vel, venenatis vel, faucibus id, libero. Donec consectetuer mauris id sapien.	97	46	2022-08-04 00:31:13
57	Sapien Inc.	turpis egestas. Aliquam fringilla cursus purus.	88	84	2022-05-27 03:24:58
58	Sed LLC	feugiat nec, diam. Duis mi enim, condimentum eget, volutpat ornare, facilisis eget, ipsum.	100	181	2021-03-30 18:51:15
59	In Dolor Inc.	ipsum primis in faucibus orci luctus	25	57	2020-09-22 21:10:06
60	Ullamcorper Institute	blandit at,	72	177	2022-01-19 04:22:03
61	Nunc Ltd	lacus pede sagittis augue, eu tempor erat neque non quam. Pellentesque habitant morbi	137	192	2021-02-13 05:56:15
62	Donec Nibh Quisque PC	purus ac tellus. Suspendisse sed dolor. Fusce mi	62	23	2020-10-12 00:40:33
63	Tellus Corporation	arcu iaculis enim, sit	39	119	2021-06-04 00:51:20
64	Nunc Id Corporation	Sed dictum.	108	15	2021-10-04 02:21:20
65	Eu Odio Corporation	fringilla purus	161	84	2020-11-19 16:03:27
66	Quis LLP	aliquam arcu. Aliquam ultrices	139	189	2022-03-31 20:54:48
67	Ridiculus Associates	Curae Donec	168	115	2021-06-05 03:49:26
68	Lorem Fringilla PC	nibh. Quisque nonummy	63	76	2021-05-16 04:00:55
69	Enim Suspendisse Institute	eleifend. Cras sed leo. Cras vehicula aliquet libero. Integer in	12	172	2021-12-14 05:02:56
70	Libero Company	malesuada fringilla est. Mauris eu turpis. Nulla aliquet.	111	200	2020-10-17 11:00:33
71	Euismod In Dolor Inc.	malesuada vel, venenatis vel, faucibus	82	159	2020-07-19 18:42:12
72	Duis Consulting	vitae purus gravida sagittis. Duis gravida. Praesent eu nulla at sem molestie	71	153	2021-09-11 08:22:55
73	Consequat Dolor Ltd	lacus. Aliquam rutrum lorem ac risus. Morbi	58	131	2020-05-21 14:11:40
74	Lorem Auctor Quis LLC	purus ac tellus.	198	166	2020-09-17 01:47:58
75	Nec Industries	orci tincidunt adipiscing. Mauris molestie pharetra nibh.	7	28	2022-08-25 04:08:41
76	Nonummy Ultricies Ltd	ante, iaculis nec,	37	117	2020-08-17 02:53:40
77	Magnis Dis Institute	sollicitudin adipiscing ligula. Aenean gravida nunc sed pede. Cum	69	83	2021-06-30 23:56:20
78	Donec Sollicitudin Adipiscing LLP	iaculis nec, eleifend non, dapibus rutrum, justo. Praesent luctus. Curabitur egestas nunc sed libero.	32	64	2020-04-01 21:06:25
79	Mi Tempor Ltd	nibh vulputate mauris sagittis placerat. Cras dictum ultricies ligula. Nullam enim. Sed nulla ante,	194	121	2022-04-25 05:32:55
80	Sed Ltd	a, arcu. Sed et libero. Proin mi. Aliquam gravida	136	73	2020-06-09 20:09:16
81	Fusce Incorporated	tempor diam dictum sapien. Aenean massa. Integer vitae nibh. Donec est mauris, rhoncus	34	138	2022-04-30 05:25:48
82	Ac Arcu Nunc Corporation	magna. Cras	195	51	2020-08-05 03:25:19
83	Pede Blandit Congue Corp.	ipsum dolor sit amet, consectetuer adipiscing elit. Aliquam auctor,	123	170	2022-02-20 05:17:47
84	Ac Institute	ac turpis egestas. Aliquam fringilla cursus purus. Nullam scelerisque neque sed	200	156	2022-05-03 06:42:39
85	Consequat Nec Associates	congue, elit sed consequat	10	170	2021-06-29 00:10:45
86	Eu Foundation	urna. Nullam lobortis quam a	86	110	2020-07-21 21:25:09
87	Ac Risus Morbi Ltd	nonummy ut, molestie in, tempus eu, ligula. Aenean euismod mauris eu elit. Nulla facilisi. Sed	64	91	2021-12-02 12:10:12
88	Eu Odio Incorporated	Duis dignissim tempor arcu. Vestibulum ut eros non enim commodo hendrerit. Donec	6	126	2020-07-29 16:26:43
89	Felis Nulla Tempor Inc.	dolor. Quisque tincidunt pede ac urna. Ut tincidunt vehicula risus. Nulla	11	34	2021-12-29 17:25:53
90	Elementum Lorem Limited	Integer urna. Vivamus molestie dapibus ligula. Aliquam erat volutpat. Nulla dignissim.	151	34	2021-08-30 22:39:32
91	Dui LLP	tristique ac, eleifend vitae, erat. Vivamus nisi. Mauris	49	148	2021-05-27 23:46:39
92	Ac Mattis Associates	Aliquam auctor, velit eget laoreet posuere, enim nisl elementum purus, accumsan interdum libero dui	146	97	2021-09-03 22:56:09
93	Urna Institute	sapien. Aenean massa. Integer vitae nibh. Donec	155	166	2020-01-24 14:01:46
94	Rutrum Justo PC	non arcu. Vivamus sit amet risus. Donec egestas. Aliquam nec enim. Nunc ut erat. Sed	172	132	2022-06-14 06:23:02
95	Convallis Erat Eget LLP	eu, eleifend nec, malesuada ut, sem. Nulla interdum. Curabitur	158	165	2021-10-25 05:46:20
96	Praesent Luctus Institute	non quam. Pellentesque habitant morbi tristique senectus et netus et malesuada fames ac turpis	63	136	2021-02-21 08:15:38
97	Risus Donec LLC	Nulla tincidunt, neque vitae semper egestas,	165	58	2020-06-11 06:48:07
98	Vitae Erat Vivamus Associates	accumsan convallis, ante lectus convallis est, vitae sodales nisi magna sed	17	16	2021-01-30 04:13:26
99	Quis Pede Suspendisse Incorporated	bibendum fermentum metus. Aenean	39	62	2020-05-08 12:06:59
100	Sit Amet LLC	magna tellus faucibus leo,	170	36	2022-06-23 20:28:49
101	Elit Aliquam Inc.	sapien, cursus in, hendrerit consectetuer, cursus et, magna. Praesent interdum	141	177	2021-03-17 16:20:09
102	Convallis LLC	sed dictum eleifend, nunc risus varius orci, in consequat enim diam vel	32	97	2021-01-20 08:21:54
103	Orci Lobortis Augue Incorporated	suscipit nonummy. Fusce fermentum	143	17	2021-06-01 18:40:03
104	Aliquam Ultrices Industries	Vivamus nibh dolor, nonummy ac, feugiat non, lobortis quis, pede. Suspendisse dui.	126	36	2022-01-13 06:50:03
105	Tellus Nunc Industries	dictum cursus. Nunc mauris elit,	40	152	2020-07-30 13:07:51
106	Id Magna Et PC	mattis velit justo nec ante. Maecenas mi felis, adipiscing fringilla, porttitor vulputate, posuere vulputate,	35	173	2021-05-22 05:48:37
107	Phasellus Nulla Institute	interdum. Sed auctor odio a	194	154	2021-06-19 22:50:08
108	Fermentum Risus Foundation	dapibus gravida. Aliquam tincidunt, nunc	91	44	2022-06-10 04:59:41
109	Adipiscing Lacus Limited	ante bibendum ullamcorper. Duis cursus, diam at pretium aliquet, metus urna	171	81	2022-01-10 04:11:42
110	Aliquam Limited	pharetra. Quisque ac libero nec ligula consectetuer	12	160	2020-10-25 20:54:06
111	Pede PC	Phasellus ornare. Fusce mollis. Duis sit amet diam	60	161	2020-12-29 23:50:26
112	Donec Est Inc.	libero mauris, aliquam eu, accumsan sed, facilisis vitae,	140	60	2020-10-31 00:51:55
113	Mattis Ornare Inc.	orci. Ut	74	117	2021-11-25 15:41:06
114	Posuere At Velit Corp.	est ac mattis semper, dui	91	91	2020-02-11 11:35:46
115	Scelerisque Foundation	adipiscing elit. Curabitur sed	93	103	2022-07-27 13:52:36
116	Cras Corporation	ac, feugiat non, lobortis	24	179	2022-04-02 10:11:08
117	Eget Ltd	amet, consectetuer adipiscing elit. Curabitur sed tortor. Integer aliquam adipiscing lacus.	33	196	2021-05-07 18:38:45
118	Semper Erat In Company	sem ut cursus luctus, ipsum leo elementum	55	13	2020-08-18 04:12:12
119	Dapibus Gravida Consulting	Fusce fermentum fermentum arcu. Vestibulum ante ipsum primis in faucibus orci luctus et ultrices	188	161	2022-01-20 09:28:33
120	Eu Dui Incorporated	Fusce dolor quam, elementum at, egestas a, scelerisque sed, sapien. Nunc pulvinar	33	78	2022-07-31 18:29:15
121	Eu Erat Industries	lorem fringilla ornare placerat, orci lacus vestibulum lorem, sit amet ultricies sem magna	6	179	2021-11-15 05:18:19
122	Ornare Fusce Mollis LLC	ligula. Aliquam erat volutpat. Nulla	138	6	2021-10-10 13:32:20
123	Nec Orci PC	augue	193	5	2020-03-31 08:51:43
124	Posuere Cubilia Ltd	dolor. Nulla semper tellus id nunc interdum feugiat. Sed nec metus	67	179	2020-02-17 02:33:31
125	Etiam Bibendum Associates	Aliquam fringilla cursus purus. Nullam scelerisque neque sed sem egestas blandit. Nam nulla	123	124	2020-04-20 01:21:52
126	Ac Ipsum Corp.	massa. Mauris vestibulum, neque	128	101	2021-12-01 20:27:14
127	Enim Non Corporation	Ut sagittis lobortis mauris. Suspendisse aliquet molestie tellus. Aenean egestas hendrerit neque.	168	137	2021-11-29 23:04:05
128	Mauris LLC	magna sed dui. Fusce	32	131	2021-08-10 05:44:48
129	Adipiscing Non Institute	purus mauris a nunc. In at pede. Cras vulputate velit eu sem. Pellentesque ut	169	59	2022-07-11 09:09:00
130	Dolor Institute	Phasellus libero mauris, aliquam eu,	165	81	2022-09-02 18:03:42
131	Pellentesque Consulting	nunc sed libero. Proin sed turpis nec	88	112	2021-03-15 16:05:24
132	Tincidunt Nibh Phasellus Corporation	pede,	171	90	2022-03-15 09:48:53
133	Nec Ante Maecenas Inc.	mus. Aenean eget magna. Suspendisse tristique neque venenatis lacus. Etiam bibendum fermentum	95	140	2020-04-22 21:41:43
134	Consectetuer Cursus Et Foundation	orci. Donec nibh. Quisque nonummy ipsum	30	70	2020-03-17 06:06:40
135	Sit Amet Foundation	tempor	176	161	2022-01-06 20:35:18
136	Bibendum Donec Felis Institute	posuere, enim	88	12	2021-01-05 05:53:35
137	Sit LLC	nunc ac	45	98	2020-01-31 01:28:01
138	Pellentesque Habitant Morbi Limited	ac turpis egestas. Aliquam fringilla cursus purus. Nullam scelerisque	49	119	2020-11-26 22:04:48
139	Lacus Pede Institute	aliquam eu, accumsan sed,	53	182	2021-12-23 03:52:21
140	Orci Corporation	massa. Vestibulum accumsan neque et nunc. Quisque ornare tortor at risus. Nunc ac sem	70	124	2020-03-31 15:37:06
141	Sem Magna Corporation	sit amet risus. Donec egestas.	39	153	2020-05-23 03:52:44
142	Ultrices Corp.	viverra. Donec tempus, lorem	47	123	2022-08-25 05:23:53
143	A Facilisis Non Inc.	tincidunt adipiscing. Mauris molestie pharetra nibh.	98	99	2021-09-25 00:54:52
144	Commodo Auctor Velit Industries	at, egestas a, scelerisque sed, sapien. Nunc	170	192	2020-10-02 15:12:42
145	Penatibus Et LLP	adipiscing ligula. Aenean	179	175	2020-11-19 19:11:56
146	Tincidunt Nibh Consulting	Cras eget nisi	4	165	2022-01-15 16:37:19
147	Dictum Magna Ltd	ultrices posuere cubilia Curae Phasellus ornare. Fusce mollis. Duis sit	111	38	2021-01-02 21:26:50
148	Faucibus LLC	mauris elit, dictum eu, eleifend nec, malesuada	122	63	2020-10-21 21:53:38
149	Fringilla Mi Institute	non enim commodo hendrerit. Donec porttitor tellus non magna. Nam ligula elit, pretium et,	196	124	2021-02-02 03:45:57
150	Luctus Lobortis Incorporated	libero est, congue a, aliquet vel, vulputate eu, odio. Phasellus at augue id	141	59	2020-07-23 12:05:49
151	Proin Vel LLP	molestie. Sed id risus quis	16	195	2020-02-28 20:59:40
152	Sed Est PC	non massa	67	83	2022-08-15 13:26:59
153	Magna A LLP	ipsum primis in faucibus orci luctus et ultrices posuere cubilia Curae Donec tincidunt.	85	38	2022-08-28 14:42:11
154	Ligula LLC	lectus	40	22	2022-03-08 02:46:31
155	Et Magnis Dis Foundation	mollis nec, cursus a, enim. Suspendisse aliquet, sem	96	165	2022-02-19 16:14:29
156	Lacus Aliquam Rutrum Consulting	ligula. Nullam feugiat	141	91	2020-06-24 10:03:24
157	Ut Ipsum LLC	congue a, aliquet	55	128	2020-06-30 09:45:36
158	Lectus Sit Corporation	tellus. Aenean egestas hendrerit	67	103	2022-01-26 00:18:06
159	Feugiat Metus Corporation	ac arcu. Nunc mauris. Morbi non sapien molestie	49	91	2022-08-29 11:47:52
160	Duis PC	Pellentesque ultricies dignissim lacus. Aliquam rutrum lorem ac risus.	51	100	2021-02-01 01:41:58
161	Cum Sociis Ltd	eget lacus. Mauris non dui nec urna suscipit nonummy. Fusce fermentum	167	41	2020-02-28 16:54:16
162	Est Mauris Institute	vestibulum lorem, sit amet ultricies sem magna nec quam.	143	104	2021-03-02 06:18:23
163	Lacus Ut Nec Corporation	semper auctor. Mauris vel turpis. Aliquam adipiscing lobortis risus. In	128	16	2022-03-29 14:54:30
164	Urna Vivamus Ltd	Mauris non dui nec urna suscipit nonummy.	21	58	2020-04-15 17:10:56
165	Aliquam Ltd	velit. Pellentesque ultricies dignissim lacus. Aliquam	44	163	2021-08-09 00:32:16
166	Risus Duis A Incorporated	ac mattis ornare, lectus ante dictum	145	29	2022-09-10 08:04:57
167	Nunc Lectus Ltd	Vestibulum ante ipsum primis	131	77	2021-08-06 00:47:15
168	Vel Industries	Quisque libero lacus, varius et, euismod et, commodo at, libero. Morbi accumsan	163	136	2020-08-04 04:02:04
169	Pharetra Nam Ac LLP	nec quam. Curabitur vel	151	61	2022-01-18 02:26:15
170	Pellentesque Ut Institute	pellentesque eget, dictum placerat, augue. Sed molestie. Sed id risus quis diam luctus	50	58	2020-02-28 16:12:46
171	Tincidunt Nibh Phasellus Corporation2	egestas. Aliquam nec enim. Nunc	143	125	2022-09-10 15:40:38
172	Sem Ltd	sed leo. Cras	160	4	2021-01-03 08:17:09
173	Mattis Velit Incorporated	molestie pharetra nibh.	75	113	2020-08-21 04:55:38
174	Enim Consequat PC	interdum feugiat. Sed nec metus facilisis	149	103	2021-04-02 18:52:23
175	Rhoncus Proin Associates	Nulla eget	189	146	2021-06-08 20:03:31
176	Aenean Massa PC	dictum	60	149	2020-10-13 16:12:15
177	Fringilla Est Limited	tellus faucibus leo, in lobortis tellus justo sit	49	31	2021-02-02 21:20:31
178	Pede PC2	Mauris quis turpis vitae purus gravida sagittis. Duis gravida. Praesent eu nulla at sem	114	102	2020-04-13 11:42:40
179	Diam Vel Incorporated	Pellentesque	59	83	2021-07-16 19:27:31
180	Nam Consequat Foundation	quam quis diam. Pellentesque habitant morbi tristique senectus et netus	190	134	2022-04-23 14:51:01
181	Ante Lectus Incorporated	pede	48	79	2020-05-02 11:37:45
182	Morbi Tristique Senectus Corporation	sit amet, faucibus ut, nulla. Cras eu tellus eu augue porttitor interdum. Sed auctor	168	16	2020-11-20 19:25:55
183	Eu Euismod Inc.	nonummy ipsum non arcu. Vivamus sit amet risus. Donec egestas. Aliquam nec	106	116	2021-09-28 23:28:47
184	Arcu Iaculis LLP	egestas a,	165	40	2021-06-09 23:46:56
185	Eleifend Non LLC	ac nulla. In tincidunt congue turpis. In condimentum. Donec at arcu. Vestibulum ante	124	131	2022-07-12 06:04:29
186	Ultrices Limited	placerat, orci	129	33	2021-12-31 09:22:32
187	Ut Quam Vel Ltd	nibh. Phasellus nulla. Integer vulputate, risus a ultricies	165	91	2020-01-12 09:42:22
188	Amet Risus LLC	lobortis augue scelerisque mollis. Phasellus libero mauris, aliquam eu, accumsan sed,	185	126	2021-06-18 00:16:16
189	Hymenaeos Mauris Ut Associates	nunc ac mattis ornare, lectus	176	99	2022-03-10 13:48:55
190	Augue Scelerisque PC	pharetra nibh.	28	43	2021-04-01 17:25:35
191	Sem Magna Nec Institute	dapibus ligula. Aliquam erat volutpat. Nulla dignissim. Maecenas ornare egestas ligula. Nullam feugiat	100	90	2022-06-26 10:00:14
192	Orci Ut Semper LLP	accumsan convallis, ante lectus convallis est, vitae	198	179	2020-10-23 06:09:54
193	Eu Limited	cursus. Nunc mauris elit, dictum eu, eleifend nec,	53	69	2021-03-09 00:20:44
194	Sed Limited	non, sollicitudin a, malesuada id, erat. Etiam vestibulum massa rutrum	120	110	2021-05-23 10:14:21
195	Mauris Erat Eget Associates	faucibus orci luctus et ultrices posuere cubilia Curae Donec	171	123	2021-09-14 09:48:48
196	Diam Pellentesque Inc.	libero lacus, varius et, euismod et, commodo at, libero. Morbi accumsan laoreet ipsum. Curabitur consequat,	59	51	2020-10-13 21:22:00
197	Morbi Non Ltd	In condimentum. Donec at arcu. Vestibulum ante ipsum primis in faucibus orci luctus	69	84	2022-04-17 18:47:19
198	Mauris Ut Mi Associates	mus. Donec dignissim magna a	101	164	2021-03-13 10:51:59
199	Fusce Dolor Corporation	Sed nunc est, mollis non, cursus	108	199	2021-12-28 02:09:50
200	At Velit Cras Corp.	ac arcu. Nunc mauris. Morbi non sapien molestie	140	85	2022-02-16 12:50:58
\.


--
-- Data for Name: channels_messages; Type: TABLE DATA; Schema: public; Owner: gb_user
--

COPY public.channels_messages (id, channel_id, body, quantity_views, created_at) FROM stdin;
1	159	Aliquam auctor, velit eget laoreet posuere, enim nisl	7	2021-12-07 16:25:40
2	125	urna. Nullam lobortis quam a felis ullamcorper viverra. Maecenas iaculis aliquet diam. Sed diam lorem, auctor quis, tristique ac, eleifend vitae, erat. Vivamus nisi. Mauris nulla. Integer urna.	965	2022-02-23 14:31:42
3	135	nunc sed libero. Proin sed turpis nec mauris blandit mattis. Cras eget nisi dictum augue malesuada malesuada. Integer id magna et ipsum cursus	624	2021-03-15 07:47:13
4	141	amet, dapibus id, blandit at, nisi. Cum sociis natoque penatibus et magnis dis parturient montes, nascetur ridiculus mus. Proin vel nisl.	248	2020-03-23 16:30:06
5	185	est, vitae sodales nisi magna sed dui. Fusce aliquam, enim nec tempus scelerisque, lorem ipsum sodales purus, in molestie tortor nibh sit amet	240	2020-12-17 19:24:29
6	7	Suspendisse dui. Fusce diam nunc, ullamcorper eu, euismod ac, fermentum vel, mauris. Integer	540	2021-04-09 14:59:38
7	84	nibh. Quisque nonummy ipsum non arcu. Vivamus sit amet risus. Donec egestas. Aliquam nec enim. Nunc ut erat. Sed nunc est, mollis non, cursus non, egestas a, dui. Cras pellentesque. Sed dictum. Proin eget odio. Aliquam vulputate	860	2022-01-03 09:50:43
8	87	parturient montes, nascetur ridiculus mus. Donec dignissim magna a tortor. Nunc commodo auctor velit. Aliquam nisl. Nulla eu neque pellentesque massa lobortis ultrices. Vivamus rhoncus. Donec est. Nunc ullamcorper, velit in aliquet lobortis, nisi nibh lacinia orci, consectetuer euismod	972	2022-07-13 10:36:50
9	48	egestas rhoncus. Proin nisl sem, consequat nec, mollis vitae, posuere at, velit. Cras lorem lorem, luctus ut, pellentesque eget, dictum placerat, augue. Sed molestie. Sed id risus quis	179	2022-09-07 08:43:10
10	73	nec metus facilisis lorem tristique aliquet. Phasellus fermentum convallis ligula. Donec luctus aliquet odio. Etiam ligula tortor, dictum eu, placerat eget, venenatis a, magna. Lorem ipsum dolor sit amet, consectetuer adipiscing elit. Etiam laoreet,	752	2020-01-02 13:36:37
11	79	erat vitae	817	2020-09-01 22:17:51
12	179	Suspendisse eleifend. Cras sed leo. Cras vehicula aliquet libero. Integer in magna. Phasellus dolor elit, pellentesque a, facilisis non, bibendum sed, est. Nunc laoreet lectus quis massa. Mauris vestibulum, neque sed dictum eleifend, nunc risus	635	2021-05-30 01:34:46
13	122	orci. Ut semper pretium neque. Morbi quis urna. Nunc quis arcu vel quam dignissim pharetra. Nam ac nulla. In tincidunt congue turpis. In condimentum. Donec at arcu. Vestibulum ante ipsum primis in faucibus orci luctus et ultrices posuere cubilia Curae Donec tincidunt. Donec vitae erat vel pede blandit congue. In scelerisque scelerisque dui. Suspendisse ac	551	2020-12-09 03:52:11
14	66	nec, euismod in, dolor. Fusce feugiat. Lorem ipsum dolor sit amet, consectetuer adipiscing elit. Aliquam auctor, velit eget laoreet posuere, enim nisl elementum purus, accumsan interdum	69	2020-07-27 02:37:13
15	157	libero. Donec consectetuer	550	2020-07-23 09:40:45
16	89	velit. Sed malesuada augue ut lacus. Nulla tincidunt, neque vitae semper egestas, urna justo faucibus lectus, a sollicitudin orci sem eget massa. Suspendisse eleifend.	442	2020-11-22 18:46:01
17	54	ipsum leo elementum sem, vitae aliquam eros turpis non enim. Mauris quis turpis vitae purus gravida sagittis. Duis gravida. Praesent	872	2020-07-24 19:27:14
18	39	placerat velit. Quisque varius. Nam porttitor scelerisque neque. Nullam nisl. Maecenas malesuada fringilla est.	873	2020-09-15 01:52:15
19	93	vulputate velit eu sem. Pellentesque ut ipsum ac mi eleifend egestas. Sed pharetra, felis eget varius ultrices, mauris ipsum porta elit, a feugiat tellus lorem eu metus. In lorem. Donec elementum, lorem ut aliquam iaculis, lacus pede sagittis augue, eu tempor erat	516	2022-04-26 22:06:52
20	195	Quisque varius. Nam porttitor scelerisque neque. Nullam nisl. Maecenas malesuada fringilla est. Mauris eu turpis. Nulla aliquet. Proin velit. Sed malesuada augue ut lacus. Nulla tincidunt, neque vitae semper egestas, urna justo faucibus	58	2020-06-30 14:19:44
21	82	gravida. Praesent eu nulla	870	2020-02-18 12:55:50
22	33	velit justo nec ante. Maecenas mi felis, adipiscing fringilla, porttitor vulputate, posuere vulputate, lacus. Cras interdum. Nunc sollicitudin commodo ipsum. Suspendisse non leo. Vivamus nibh dolor, nonummy	948	2020-11-13 20:42:36
23	31	suscipit, est ac	489	2020-01-23 03:05:04
24	124	augue. Sed molestie. Sed id risus quis diam luctus lobortis. Class aptent taciti sociosqu ad litora torquent per conubia nostra, per inceptos hymenaeos. Mauris ut quam vel sapien imperdiet ornare. In faucibus. Morbi vehicula. Pellentesque	376	2022-08-10 08:34:24
25	110	dignissim pharetra. Nam ac nulla. In tincidunt congue turpis. In condimentum. Donec at arcu. Vestibulum ante ipsum primis in faucibus orci luctus et ultrices posuere cubilia Curae Donec tincidunt. Donec vitae erat vel pede blandit congue. In scelerisque scelerisque dui. Suspendisse ac metus vitae velit egestas lacinia. Sed congue, elit sed consequat auctor, nunc	313	2021-08-12 03:54:49
26	189	lectus ante dictum mi, ac mattis velit justo nec ante. Maecenas mi felis, adipiscing fringilla, porttitor vulputate, posuere vulputate, lacus. Cras interdum. Nunc sollicitudin commodo ipsum. Suspendisse non leo. Vivamus nibh dolor, nonummy ac, feugiat non, lobortis quis, pede. Suspendisse dui. Fusce diam nunc, ullamcorper eu, euismod ac, fermentum vel, mauris. Integer sem elit, pharetra	603	2021-09-02 06:49:11
27	72	erat vel pede blandit congue. In scelerisque scelerisque dui. Suspendisse ac metus vitae velit egestas lacinia. Sed congue, elit sed consequat auctor, nunc nulla vulputate dui, nec tempus mauris erat eget ipsum.	184	2020-04-26 00:08:23
28	200	tellus. Suspendisse sed dolor. Fusce mi lorem, vehicula et, rutrum eu, ultrices sit amet, risus. Donec nibh enim, gravida sit amet, dapibus id, blandit at, nisi. Cum sociis natoque penatibus et magnis dis parturient montes, nascetur ridiculus mus. Proin	28	2022-02-09 08:02:10
29	154	eros turpis non enim. Mauris quis turpis vitae purus gravida sagittis. Duis gravida. Praesent eu nulla at sem molestie sodales. Mauris blandit enim consequat purus. Maecenas libero est, congue a, aliquet vel, vulputate eu, odio. Phasellus at augue id ante	212	2022-02-17 11:19:05
30	57	eleifend egestas. Sed pharetra, felis eget varius ultrices, mauris	582	2022-08-06 04:00:50
31	52	faucibus lectus, a sollicitudin orci sem eget massa. Suspendisse eleifend. Cras sed leo. Cras vehicula aliquet libero. Integer in magna. Phasellus dolor elit, pellentesque a, facilisis non, bibendum sed, est. Nunc laoreet lectus quis massa. Mauris vestibulum, neque sed dictum eleifend, nunc risus varius orci, in consequat enim diam vel arcu. Curabitur	66	2022-02-26 09:36:10
32	178	auctor odio a purus. Duis elementum, dui quis accumsan convallis,	66	2020-07-21 21:22:03
33	166	sed dui. Fusce aliquam, enim nec tempus scelerisque, lorem ipsum sodales purus, in molestie tortor nibh sit amet orci. Ut sagittis lobortis mauris. Suspendisse aliquet molestie tellus. Aenean egestas hendrerit neque. In ornare sagittis felis. Donec tempor, est ac mattis semper, dui lectus rutrum	915	2021-02-19 12:09:29
34	64	ad litora torquent per conubia nostra, per inceptos hymenaeos. Mauris ut quam vel sapien imperdiet ornare. In faucibus. Morbi vehicula. Pellentesque tincidunt tempus risus. Donec egestas. Duis ac arcu. Nunc mauris. Morbi non sapien molestie orci tincidunt adipiscing. Mauris molestie pharetra nibh. Aliquam ornare, libero at auctor ullamcorper, nisl arcu iaculis enim, sit amet ornare lectus justo eu arcu.	493	2022-03-22 11:19:17
35	86	nunc id enim. Curabitur massa. Vestibulum accumsan neque et nunc. Quisque ornare tortor at risus. Nunc ac	521	2022-06-19 10:13:25
36	58	egestas. Fusce aliquet magna a neque. Nullam ut nisi a odio semper cursus. Integer mollis. Integer tincidunt aliquam arcu. Aliquam ultrices iaculis odio. Nam	701	2022-03-22 02:38:35
37	196	montes, nascetur ridiculus mus. Proin vel arcu eu odio tristique pharetra. Quisque ac libero nec ligula consectetuer rhoncus.	172	2021-11-09 21:33:08
38	28	volutpat. Nulla dignissim. Maecenas ornare egestas ligula. Nullam feugiat placerat velit. Quisque varius. Nam porttitor scelerisque neque. Nullam nisl. Maecenas malesuada fringilla est. Mauris eu turpis. Nulla aliquet. Proin velit. Sed malesuada augue ut lacus. Nulla tincidunt, neque vitae semper egestas, urna justo faucibus lectus, a sollicitudin orci sem eget massa. Suspendisse eleifend. Cras sed	592	2020-04-20 07:26:27
39	59	iaculis quis, pede. Praesent eu dui. Cum sociis natoque penatibus et magnis dis parturient montes, nascetur ridiculus mus. Aenean eget magna. Suspendisse tristique neque venenatis lacus. Etiam bibendum fermentum metus. Aenean sed pede nec ante blandit viverra. Donec tempus, lorem fringilla ornare placerat, orci lacus vestibulum lorem, sit amet ultricies sem magna nec quam. Curabitur vel lectus. Cum sociis natoque	710	2020-01-03 09:12:12
40	187	malesuada augue ut lacus. Nulla tincidunt, neque vitae semper egestas, urna justo faucibus lectus, a sollicitudin	257	2021-10-25 10:28:40
41	87	tincidunt aliquam arcu. Aliquam ultrices iaculis odio. Nam interdum	700	2021-08-21 02:58:21
42	200	nonummy ultricies ornare, elit elit fermentum risus, at fringilla purus mauris a nunc. In at pede. Cras vulputate velit eu sem. Pellentesque ut ipsum ac mi eleifend egestas. Sed pharetra, felis eget varius ultrices, mauris ipsum porta elit, a feugiat tellus lorem eu metus.	222	2021-09-17 09:20:17
43	10	Donec nibh enim, gravida sit amet, dapibus id, blandit at, nisi. Cum sociis natoque penatibus et magnis dis parturient montes, nascetur ridiculus mus. Proin vel nisl. Quisque fringilla euismod enim. Etiam gravida molestie arcu. Sed eu nibh vulputate mauris sagittis placerat. Cras dictum ultricies ligula. Nullam enim. Sed	641	2020-11-28 01:50:20
44	175	Nunc laoreet lectus quis massa. Mauris vestibulum, neque sed dictum eleifend, nunc risus varius orci, in consequat enim diam vel arcu. Curabitur ut odio vel est tempor bibendum. Donec felis orci, adipiscing non, luctus sit amet, faucibus ut, nulla. Cras eu tellus eu augue porttitor interdum. Sed auctor odio a purus. Duis elementum, dui quis accumsan	792	2020-11-21 12:05:54
45	95	nisi	475	2021-11-17 07:33:58
46	158	ultricies adipiscing, enim mi tempor lorem, eget mollis lectus pede et risus. Quisque libero	380	2020-12-22 07:47:37
47	49	arcu. Vivamus sit amet risus. Donec	214	2020-03-20 07:56:59
48	155	Lorem ipsum dolor sit amet, consectetuer adipiscing elit. Curabitur sed tortor. Integer aliquam adipiscing lacus. Ut nec urna et	812	2020-04-01 00:31:16
49	20	Quisque tincidunt pede ac urna. Ut tincidunt vehicula risus. Nulla eget metus eu erat semper rutrum. Fusce dolor quam, elementum	607	2022-09-10 18:34:35
50	70	Curabitur massa. Vestibulum accumsan neque et nunc. Quisque ornare tortor at risus. Nunc ac sem ut dolor dapibus gravida. Aliquam tincidunt,	536	2021-06-08 08:10:17
51	180	Donec porttitor tellus non magna. Nam ligula elit, pretium et, rutrum non, hendrerit id, ante. Nunc mauris sapien, cursus in, hendrerit consectetuer, cursus et,	265	2022-01-09 21:12:48
52	47	semper rutrum. Fusce dolor quam, elementum at, egestas a, scelerisque sed, sapien.	769	2020-06-29 22:11:48
53	177	Curabitur ut odio vel est tempor bibendum. Donec felis orci, adipiscing	443	2022-03-10 00:53:24
54	77	Proin vel arcu eu odio tristique pharetra. Quisque ac libero nec ligula consectetuer rhoncus. Nullam velit dui, semper et, lacinia vitae, sodales at, velit. Pellentesque ultricies dignissim lacus. Aliquam rutrum lorem ac risus. Morbi metus. Vivamus euismod urna. Nullam lobortis quam a felis ullamcorper viverra. Maecenas iaculis aliquet diam. Sed diam lorem, auctor quis, tristique ac, eleifend vitae,	275	2022-01-19 18:37:38
55	50	a, enim. Suspendisse aliquet, sem ut cursus luctus, ipsum leo elementum sem, vitae aliquam eros turpis non enim. Mauris quis turpis vitae purus gravida sagittis. Duis gravida. Praesent eu nulla at sem molestie sodales.	69	2020-08-13 03:56:48
56	143	egestas a, scelerisque sed, sapien. Nunc pulvinar arcu et pede. Nunc sed orci lobortis augue scelerisque mollis. Phasellus libero mauris, aliquam eu, accumsan sed, facilisis vitae,	304	2021-06-12 11:07:19
57	56	at, nisi. Cum sociis natoque penatibus et magnis dis parturient montes, nascetur ridiculus mus. Proin vel nisl. Quisque fringilla euismod enim. Etiam gravida molestie arcu. Sed eu nibh vulputate mauris sagittis placerat. Cras dictum ultricies ligula. Nullam enim. Sed	387	2021-06-12 18:46:44
58	176	non, lobortis quis, pede. Suspendisse dui. Fusce diam nunc, ullamcorper eu, euismod ac, fermentum vel, mauris. Integer sem elit, pharetra ut, pharetra sed, hendrerit a, arcu. Sed et libero. Proin mi. Aliquam gravida mauris ut mi. Duis risus odio, auctor vitae, aliquet nec, imperdiet nec, leo. Morbi neque tellus,	172	2020-03-22 08:42:26
59	20	posuere cubilia Curae Donec tincidunt. Donec vitae erat vel pede blandit congue. In scelerisque scelerisque dui. Suspendisse ac	53	2020-06-18 01:33:03
60	22	tellus. Nunc lectus pede, ultrices a, auctor non, feugiat nec, diam. Duis mi enim, condimentum eget, volutpat ornare, facilisis eget, ipsum. Donec sollicitudin adipiscing ligula. Aenean gravida nunc sed pede. Cum sociis natoque penatibus	237	2020-08-02 16:31:40
61	142	lobortis. Class aptent taciti sociosqu ad litora torquent per conubia nostra, per	361	2020-12-14 21:46:12
62	2	lorem ac risus.	895	2020-03-16 13:39:38
63	161	bibendum fermentum metus. Aenean sed pede nec ante blandit viverra. Donec tempus, lorem fringilla ornare placerat, orci lacus vestibulum lorem, sit amet ultricies sem magna nec quam. Curabitur vel lectus. Cum sociis natoque penatibus et magnis dis parturient montes, nascetur ridiculus mus. Donec dignissim magna a tortor. Nunc commodo auctor velit. Aliquam	351	2022-08-19 16:20:57
64	192	libero.	44	2022-03-16 05:08:08
65	172	aliquam eu, accumsan sed, facilisis vitae, orci. Phasellus dapibus quam quis diam. Pellentesque habitant morbi tristique senectus et netus et malesuada fames ac turpis egestas. Fusce	992	2020-10-18 06:10:53
66	91	eu, placerat eget, venenatis a, magna. Lorem ipsum dolor sit amet, consectetuer adipiscing elit. Etiam laoreet, libero et tristique pellentesque, tellus sem mollis dui, in sodales elit erat vitae risus. Duis a mi fringilla mi lacinia mattis. Integer eu lacus. Quisque imperdiet, erat nonummy ultricies ornare, elit elit fermentum risus, at fringilla purus mauris	957	2020-07-05 00:22:24
67	112	mollis non, cursus non, egestas a, dui. Cras pellentesque. Sed dictum. Proin eget odio. Aliquam vulputate ullamcorper magna. Sed eu eros. Nam consequat dolor vitae dolor. Donec fringilla. Donec feugiat metus sit amet ante. Vivamus non lorem vitae odio sagittis semper. Nam tempor diam dictum sapien. Aenean massa. Integer vitae nibh.	600	2020-07-06 04:59:01
68	112	penatibus et magnis dis parturient montes, nascetur ridiculus mus. Donec dignissim magna a tortor. Nunc commodo auctor velit. Aliquam nisl. Nulla eu neque pellentesque massa lobortis ultrices. Vivamus rhoncus. Donec est. Nunc ullamcorper, velit in aliquet lobortis, nisi nibh lacinia orci, consectetuer euismod est arcu ac orci. Ut semper pretium neque. Morbi quis urna. Nunc	49	2022-02-01 00:10:49
69	170	In condimentum. Donec at arcu. Vestibulum ante ipsum primis in faucibus orci luctus et ultrices posuere cubilia Curae Donec tincidunt. Donec vitae erat vel pede	554	2022-02-20 22:22:26
70	188	turpis. Nulla aliquet. Proin velit. Sed malesuada augue ut lacus. Nulla tincidunt, neque vitae semper egestas, urna justo faucibus lectus, a sollicitudin orci sem eget massa. Suspendisse eleifend. Cras sed leo. Cras vehicula aliquet libero. Integer in magna. Phasellus dolor elit, pellentesque a, facilisis non, bibendum sed, est. Nunc laoreet lectus quis massa. Mauris vestibulum, neque sed dictum	660	2020-05-23 19:44:31
71	9	lacus. Ut nec urna et arcu imperdiet ullamcorper.	37	2020-06-03 02:16:09
72	142	ac orci. Ut semper pretium neque. Morbi quis urna. Nunc quis arcu vel quam dignissim pharetra. Nam ac nulla. In tincidunt congue turpis. In condimentum. Donec at arcu. Vestibulum ante ipsum primis in faucibus orci luctus et ultrices posuere cubilia Curae Donec tincidunt. Donec vitae erat vel pede blandit	993	2020-07-10 01:33:56
73	36	enim. Suspendisse aliquet, sem ut cursus luctus, ipsum leo elementum sem, vitae	964	2020-05-17 02:14:33
74	60	et magnis dis parturient montes, nascetur ridiculus mus. Proin vel arcu eu odio tristique pharetra. Quisque ac libero nec ligula consectetuer rhoncus. Nullam velit dui, semper et, lacinia vitae, sodales at,	477	2021-01-04 00:10:06
75	37	Donec elementum, lorem ut aliquam iaculis, lacus pede sagittis augue, eu tempor erat neque non quam.	51	2021-09-21 09:35:42
76	77	gravida. Aliquam	392	2022-03-06 07:08:45
77	29	sed turpis nec mauris blandit mattis. Cras eget nisi dictum augue malesuada malesuada. Integer id magna et ipsum cursus vestibulum. Mauris magna. Duis dignissim tempor arcu. Vestibulum ut eros non enim commodo hendrerit. Donec porttitor tellus	300	2022-05-26 06:52:08
78	120	lorem ipsum sodales purus, in molestie tortor nibh sit amet orci. Ut sagittis lobortis mauris. Suspendisse aliquet molestie tellus. Aenean egestas hendrerit neque. In ornare sagittis felis. Donec tempor, est ac mattis	468	2021-06-25 15:46:03
79	40	sed, hendrerit a, arcu. Sed et libero. Proin mi. Aliquam gravida mauris ut mi. Duis risus odio, auctor vitae, aliquet nec, imperdiet nec, leo. Morbi neque tellus, imperdiet non, vestibulum nec, euismod in, dolor. Fusce feugiat. Lorem	95	2021-02-06 23:17:28
80	47	gravida molestie arcu. Sed eu nibh vulputate mauris sagittis placerat. Cras dictum ultricies ligula. Nullam enim. Sed nulla ante, iaculis nec, eleifend non, dapibus rutrum, justo. Praesent luctus.	41	2022-05-16 12:06:45
81	105	magna. Duis dignissim tempor arcu. Vestibulum ut eros non enim commodo hendrerit. Donec porttitor tellus non magna. Nam ligula elit, pretium et, rutrum non, hendrerit id, ante. Nunc mauris sapien,	226	2022-07-12 16:34:49
82	82	ornare egestas ligula. Nullam feugiat placerat velit. Quisque varius. Nam porttitor scelerisque neque. Nullam nisl. Maecenas malesuada fringilla est. Mauris eu turpis. Nulla aliquet. Proin velit. Sed malesuada	727	2021-12-13 23:14:47
83	156	leo elementum sem, vitae aliquam eros turpis non enim. Mauris quis turpis vitae purus gravida sagittis. Duis gravida. Praesent eu nulla at sem molestie sodales. Mauris blandit enim consequat	736	2021-03-30 03:56:49
84	34	cubilia Curae Phasellus ornare. Fusce mollis. Duis sit amet diam eu dolor egestas rhoncus. Proin nisl sem, consequat nec, mollis	406	2021-10-09 18:03:01
85	19	eget metus. In nec orci. Donec nibh. Quisque nonummy ipsum non arcu. Vivamus sit amet risus. Donec egestas. Aliquam nec enim. Nunc ut erat. Sed nunc est, mollis non, cursus non, egestas a, dui. Cras pellentesque. Sed dictum. Proin eget odio. Aliquam vulputate ullamcorper magna. Sed eu eros. Nam consequat dolor vitae dolor. Donec fringilla. Donec feugiat metus	624	2020-06-07 01:42:23
86	131	gravida. Praesent eu nulla at sem molestie sodales. Mauris blandit enim	13	2020-11-25 01:33:21
87	121	sit amet diam eu dolor egestas rhoncus. Proin nisl sem, consequat nec, mollis vitae, posuere at, velit. Cras lorem lorem, luctus	842	2020-11-18 11:18:12
88	128	adipiscing. Mauris molestie pharetra nibh. Aliquam ornare, libero at auctor ullamcorper, nisl arcu iaculis enim, sit amet ornare lectus justo eu arcu. Morbi sit amet massa. Quisque porttitor eros nec tellus. Nunc lectus pede, ultrices a,	960	2021-08-20 12:04:31
89	132	sagittis. Nullam vitae diam. Proin dolor. Nulla semper tellus id nunc interdum feugiat. Sed nec metus facilisis lorem tristique aliquet. Phasellus fermentum convallis ligula. Donec luctus aliquet odio. Etiam ligula tortor, dictum eu, placerat eget, venenatis a, magna. Lorem ipsum dolor sit amet, consectetuer adipiscing elit. Etiam laoreet, libero et tristique pellentesque, tellus sem mollis dui, in sodales elit	118	2021-06-04 03:56:24
90	11	justo eu arcu. Morbi sit amet massa. Quisque porttitor eros nec tellus. Nunc	182	2021-04-21 08:19:29
91	107	Etiam	433	2022-05-11 07:14:43
92	156	condimentum. Donec at arcu. Vestibulum ante ipsum primis in faucibus orci luctus	998	2020-11-12 14:59:27
93	178	felis orci, adipiscing non, luctus sit amet, faucibus ut, nulla. Cras eu tellus eu augue porttitor interdum. Sed auctor odio a purus. Duis elementum, dui quis accumsan convallis, ante	546	2022-05-07 17:50:03
94	113	aliquet magna a neque. Nullam ut nisi a odio semper cursus. Integer mollis. Integer tincidunt aliquam arcu. Aliquam ultrices iaculis odio. Nam interdum	87	2021-08-18 23:51:30
95	141	faucibus. Morbi vehicula. Pellentesque tincidunt tempus risus. Donec egestas. Duis ac arcu. Nunc mauris. Morbi non sapien molestie orci tincidunt adipiscing. Mauris molestie pharetra nibh. Aliquam ornare, libero at auctor ullamcorper, nisl arcu iaculis enim, sit amet ornare lectus justo eu arcu. Morbi sit amet massa. Quisque porttitor eros nec tellus. Nunc lectus pede, ultrices	730	2022-07-26 02:13:12
96	175	felis purus ac tellus. Suspendisse sed dolor. Fusce mi lorem, vehicula et, rutrum eu, ultrices sit amet, risus. Donec nibh enim, gravida sit amet, dapibus id, blandit at, nisi. Cum sociis natoque penatibus et magnis dis parturient montes, nascetur ridiculus mus. Proin vel nisl. Quisque	580	2021-08-12 11:03:36
97	152	vel, convallis in, cursus et, eros. Proin ultrices. Duis volutpat nunc sit amet metus.	881	2020-04-06 22:07:21
125	171	Aliquam ornare, libero at auctor ullamcorper, nisl arcu iaculis enim, sit amet ornare lectus justo eu arcu. Morbi sit amet massa. Quisque porttitor eros nec tellus. Nunc lectus pede, ultrices a, auctor non, feugiat nec, diam. Duis mi enim, condimentum	636	2021-12-11 11:59:52
98	86	condimentum. Donec at arcu. Vestibulum ante ipsum primis in faucibus orci luctus et ultrices posuere cubilia Curae Donec tincidunt. Donec vitae erat vel pede blandit congue. In scelerisque scelerisque dui. Suspendisse ac metus vitae velit egestas lacinia. Sed congue, elit sed consequat auctor, nunc nulla vulputate dui, nec tempus mauris erat eget ipsum. Suspendisse sagittis. Nullam vitae diam.	865	2020-02-11 13:32:16
99	77	sodales at, velit. Pellentesque ultricies dignissim lacus. Aliquam rutrum lorem ac risus. Morbi metus. Vivamus euismod urna. Nullam lobortis quam a felis ullamcorper viverra. Maecenas iaculis aliquet diam. Sed diam lorem, auctor quis, tristique ac, eleifend vitae, erat. Vivamus nisi. Mauris	662	2020-11-08 06:25:40
100	155	nulla. Integer vulputate, risus a ultricies adipiscing, enim mi tempor lorem, eget mollis lectus pede et risus. Quisque libero lacus, varius et, euismod et, commodo at, libero. Morbi accumsan laoreet ipsum. Curabitur consequat, lectus sit amet luctus vulputate, nisi sem semper erat,	375	2020-01-02 08:34:49
101	141	velit egestas lacinia. Sed congue, elit sed consequat auctor, nunc nulla vulputate dui, nec tempus mauris erat eget ipsum. Suspendisse sagittis. Nullam vitae diam. Proin dolor. Nulla semper tellus id nunc interdum feugiat. Sed nec metus facilisis lorem tristique aliquet. Phasellus fermentum convallis ligula. Donec luctus aliquet odio. Etiam ligula tortor, dictum eu, placerat eget, venenatis a,	182	2020-02-22 07:07:05
102	44	pellentesque massa lobortis ultrices. Vivamus rhoncus. Donec est. Nunc ullamcorper, velit in aliquet lobortis, nisi nibh lacinia orci, consectetuer euismod est arcu ac	213	2022-05-17 11:23:19
103	105	vulputate, nisi sem semper erat, in consectetuer ipsum nunc id enim. Curabitur massa. Vestibulum accumsan neque et nunc. Quisque ornare tortor at risus. Nunc	943	2022-04-25 20:25:07
104	142	dictum eleifend, nunc risus varius orci, in consequat enim diam vel arcu. Curabitur ut odio vel est tempor bibendum. Donec felis orci, adipiscing non, luctus sit amet, faucibus ut, nulla. Cras eu tellus eu augue porttitor interdum. Sed auctor odio a purus. Duis elementum,	201	2021-03-12 12:38:28
105	57	lorem tristique aliquet. Phasellus fermentum convallis ligula. Donec luctus aliquet odio. Etiam ligula tortor, dictum eu, placerat eget, venenatis a, magna. Lorem ipsum dolor	566	2021-10-16 23:11:33
106	170	Cras convallis convallis dolor. Quisque tincidunt pede ac urna. Ut tincidunt vehicula risus. Nulla eget metus eu erat semper rutrum. Fusce dolor quam, elementum at, egestas a, scelerisque sed, sapien. Nunc pulvinar arcu et pede. Nunc sed orci lobortis augue scelerisque	903	2021-11-18 04:18:09
107	105	a neque. Nullam ut nisi a odio semper cursus. Integer mollis. Integer tincidunt aliquam arcu. Aliquam ultrices iaculis odio. Nam interdum enim non nisi. Aenean eget metus. In nec orci. Donec nibh. Quisque nonummy ipsum non arcu. Vivamus sit amet risus. Donec egestas. Aliquam nec enim. Nunc ut erat. Sed nunc est, mollis	343	2022-06-02 03:10:15
108	49	orci. Ut semper pretium neque. Morbi quis urna. Nunc quis arcu vel quam dignissim pharetra. Nam ac nulla. In tincidunt congue turpis. In condimentum. Donec	81	2022-06-11 17:31:19
109	10	lobortis tellus justo sit amet nulla. Donec non justo. Proin non massa non ante bibendum ullamcorper. Duis cursus,	40	2020-09-16 17:25:22
110	52	malesuada fringilla est. Mauris eu turpis. Nulla aliquet. Proin velit. Sed malesuada augue ut lacus. Nulla tincidunt, neque vitae semper egestas, urna justo faucibus lectus, a sollicitudin orci sem eget massa. Suspendisse eleifend. Cras sed leo. Cras vehicula aliquet libero. Integer in magna. Phasellus dolor elit, pellentesque a, facilisis non, bibendum sed, est. Nunc laoreet lectus quis massa. Mauris	179	2020-07-11 21:45:18
111	137	Praesent eu dui. Cum sociis natoque penatibus et magnis dis parturient montes, nascetur ridiculus mus. Aenean eget magna. Suspendisse tristique neque venenatis lacus. Etiam bibendum fermentum metus. Aenean sed pede	86	2022-05-06 16:21:56
112	120	Mauris vel turpis. Aliquam adipiscing lobortis risus. In mi pede, nonummy ut, molestie in, tempus eu, ligula. Aenean euismod mauris eu elit. Nulla facilisi. Sed neque.	506	2020-07-19 09:21:26
113	143	eu nibh vulputate mauris sagittis placerat. Cras dictum ultricies ligula. Nullam enim. Sed nulla ante, iaculis nec, eleifend non, dapibus rutrum, justo. Praesent luctus. Curabitur egestas nunc sed libero. Proin sed turpis nec mauris blandit mattis. Cras eget nisi dictum augue malesuada malesuada. Integer id magna et ipsum cursus vestibulum. Mauris magna. Duis dignissim tempor arcu. Vestibulum	519	2021-08-03 19:31:18
114	16	metus sit amet ante. Vivamus non lorem vitae odio sagittis semper. Nam tempor diam dictum sapien. Aenean massa. Integer vitae nibh. Donec est mauris, rhoncus id, mollis nec, cursus a, enim. Suspendisse aliquet, sem ut cursus luctus, ipsum leo elementum sem, vitae aliquam eros turpis non enim. Mauris quis turpis vitae purus gravida sagittis. Duis gravida. Praesent eu nulla	297	2022-01-27 14:19:03
115	125	molestie sodales. Mauris blandit enim consequat purus. Maecenas libero est, congue	521	2022-05-12 03:11:35
116	148	vel quam dignissim pharetra. Nam ac nulla. In tincidunt congue turpis. In condimentum. Donec at arcu. Vestibulum ante ipsum primis in faucibus orci luctus et ultrices posuere cubilia Curae Donec tincidunt. Donec vitae erat vel pede	759	2020-04-28 17:16:35
117	198	eu metus. In lorem. Donec elementum, lorem ut aliquam iaculis, lacus pede sagittis augue, eu tempor erat neque non quam. Pellentesque habitant morbi tristique senectus et netus et malesuada fames ac turpis egestas. Aliquam fringilla cursus purus.	472	2022-03-01 07:37:08
118	179	non enim. Mauris quis turpis vitae purus gravida sagittis. Duis gravida. Praesent eu	671	2020-04-24 07:38:30
119	139	dictum ultricies ligula. Nullam enim.	17	2021-11-13 05:07:08
120	131	Vestibulum ante ipsum primis in faucibus orci luctus et ultrices posuere cubilia Curae Phasellus ornare. Fusce mollis. Duis sit amet diam eu dolor egestas rhoncus. Proin nisl sem, consequat nec, mollis vitae, posuere at, velit. Cras lorem lorem, luctus ut, pellentesque	13	2020-08-22 12:31:52
121	71	sem semper erat, in consectetuer ipsum nunc id enim. Curabitur massa. Vestibulum accumsan neque et nunc. Quisque ornare tortor at risus. Nunc ac sem	524	2022-03-22 12:18:12
122	137	dictum ultricies ligula. Nullam enim. Sed nulla ante, iaculis nec, eleifend non, dapibus rutrum, justo. Praesent luctus. Curabitur egestas nunc sed libero. Proin sed turpis nec mauris blandit mattis. Cras eget nisi dictum augue malesuada malesuada. Integer id magna et ipsum cursus vestibulum. Mauris magna. Duis dignissim tempor arcu. Vestibulum ut	618	2022-06-12 06:51:01
123	130	sit amet, consectetuer adipiscing elit. Aliquam auctor, velit eget laoreet	493	2022-06-08 23:41:57
124	139	ornare. Fusce mollis. Duis sit amet diam eu dolor egestas rhoncus. Proin nisl sem, consequat nec, mollis vitae, posuere at, velit. Cras lorem lorem, luctus ut, pellentesque eget, dictum placerat, augue. Sed molestie. Sed id risus quis diam luctus lobortis. Class aptent taciti sociosqu ad litora torquent per conubia nostra, per inceptos hymenaeos. Mauris ut	321	2020-12-07 04:13:43
153	189	Nulla tempor augue ac ipsum. Phasellus vitae mauris	258	2020-01-10 20:50:47
126	29	ut odio vel est tempor bibendum. Donec felis orci, adipiscing non, luctus sit amet, faucibus ut, nulla. Cras eu tellus eu augue porttitor interdum. Sed auctor odio a purus. Duis elementum, dui quis accumsan convallis, ante lectus	440	2021-02-05 22:38:53
127	54	lectus quis massa. Mauris vestibulum, neque sed dictum eleifend, nunc risus varius orci, in consequat enim diam vel arcu. Curabitur ut odio vel est tempor bibendum. Donec felis orci, adipiscing non, luctus sit amet, faucibus ut, nulla. Cras eu tellus eu augue porttitor interdum. Sed auctor odio a purus. Duis elementum, dui quis accumsan convallis, ante lectus convallis est,	976	2022-02-08 08:32:43
128	154	dapibus quam quis diam. Pellentesque habitant morbi tristique senectus et netus et malesuada fames ac turpis egestas. Fusce aliquet magna a neque. Nullam ut nisi a odio semper cursus. Integer mollis. Integer tincidunt aliquam arcu. Aliquam ultrices iaculis odio. Nam interdum enim non nisi. Aenean eget metus. In nec orci. Donec nibh.	849	2022-09-06 08:17:06
129	56	ante dictum mi, ac mattis velit justo nec ante. Maecenas mi felis, adipiscing fringilla, porttitor vulputate, posuere vulputate, lacus. Cras interdum. Nunc sollicitudin commodo ipsum. Suspendisse non leo. Vivamus nibh dolor, nonummy ac, feugiat non, lobortis quis, pede. Suspendisse dui. Fusce diam nunc, ullamcorper eu, euismod ac, fermentum vel, mauris. Integer sem elit, pharetra ut,	614	2020-09-30 04:56:51
130	8	Nam	776	2021-10-12 18:50:41
131	51	quam dignissim pharetra. Nam ac nulla. In tincidunt congue turpis. In condimentum. Donec at arcu. Vestibulum ante ipsum primis in faucibus orci luctus et ultrices posuere cubilia Curae Donec tincidunt. Donec vitae erat vel pede blandit congue. In scelerisque scelerisque dui. Suspendisse ac metus vitae velit egestas lacinia. Sed congue, elit	434	2021-02-15 19:30:21
132	112	ante bibendum ullamcorper. Duis cursus, diam at pretium aliquet, metus urna convallis erat, eget tincidunt dui augue eu tellus. Phasellus elit pede, malesuada vel, venenatis vel, faucibus id, libero. Donec consectetuer mauris id sapien. Cras dolor dolor, tempus non, lacinia at, iaculis quis, pede. Praesent eu dui. Cum sociis natoque penatibus et magnis dis	771	2020-01-24 21:32:53
133	127	velit. Cras lorem lorem, luctus ut, pellentesque eget,	381	2021-05-17 04:32:11
134	191	dictum mi, ac mattis velit justo nec ante. Maecenas mi felis, adipiscing fringilla, porttitor vulputate, posuere vulputate, lacus. Cras interdum. Nunc sollicitudin commodo ipsum. Suspendisse non leo. Vivamus nibh dolor, nonummy ac, feugiat non, lobortis quis, pede. Suspendisse dui. Fusce diam nunc, ullamcorper eu, euismod	709	2022-01-26 17:18:05
135	175	vestibulum lorem, sit amet ultricies sem magna nec quam. Curabitur vel lectus. Cum sociis natoque penatibus et magnis dis parturient montes, nascetur ridiculus mus. Donec dignissim magna a tortor. Nunc commodo auctor velit. Aliquam nisl. Nulla eu neque pellentesque massa lobortis ultrices. Vivamus rhoncus. Donec est. Nunc ullamcorper, velit in	787	2021-07-02 19:41:21
136	113	ultrices a, auctor non, feugiat nec, diam. Duis mi enim, condimentum eget, volutpat ornare, facilisis eget, ipsum. Donec sollicitudin adipiscing ligula. Aenean gravida nunc sed pede. Cum sociis natoque penatibus et magnis dis parturient montes, nascetur ridiculus mus. Proin vel arcu eu odio tristique pharetra. Quisque ac libero nec ligula	642	2022-05-17 02:56:02
137	45	cursus purus. Nullam scelerisque neque sed sem egestas blandit. Nam nulla magna, malesuada vel, convallis in, cursus et, eros. Proin ultrices. Duis volutpat nunc sit amet metus. Aliquam erat volutpat. Nulla facilisis. Suspendisse commodo tincidunt nibh. Phasellus nulla. Integer vulputate, risus a ultricies adipiscing, enim mi tempor lorem, eget mollis lectus	358	2022-03-05 13:55:24
138	109	convallis erat, eget tincidunt dui augue eu tellus. Phasellus elit pede, malesuada vel, venenatis	73	2021-04-30 05:53:51
139	17	lorem ac risus. Morbi metus. Vivamus euismod urna. Nullam lobortis quam a felis ullamcorper viverra. Maecenas iaculis aliquet diam. Sed diam lorem, auctor quis, tristique ac, eleifend vitae, erat. Vivamus nisi. Mauris nulla. Integer urna. Vivamus molestie dapibus ligula. Aliquam erat volutpat. Nulla dignissim. Maecenas ornare egestas ligula. Nullam feugiat placerat velit. Quisque	513	2020-10-14 15:13:31
140	94	rutrum. Fusce dolor quam, elementum at, egestas a, scelerisque sed, sapien. Nunc pulvinar arcu et pede. Nunc sed orci lobortis augue scelerisque mollis. Phasellus libero mauris, aliquam eu, accumsan sed, facilisis vitae, orci. Phasellus dapibus quam quis diam. Pellentesque habitant morbi tristique senectus et netus	234	2020-05-29 13:18:01
141	112	mauris eu elit. Nulla facilisi. Sed neque. Sed eget lacus. Mauris non dui nec urna suscipit nonummy. Fusce fermentum fermentum arcu. Vestibulum ante ipsum primis in faucibus orci luctus et ultrices posuere cubilia Curae Phasellus ornare. Fusce mollis. Duis sit amet diam eu dolor egestas rhoncus. Proin nisl sem, consequat nec,	492	2021-09-23 12:42:50
142	56	ridiculus mus. Aenean eget magna. Suspendisse tristique neque venenatis lacus. Etiam bibendum fermentum metus. Aenean sed pede nec ante blandit viverra. Donec tempus, lorem fringilla ornare placerat, orci lacus vestibulum lorem, sit amet ultricies sem magna nec quam. Curabitur vel lectus. Cum sociis natoque penatibus et magnis dis parturient montes, nascetur	725	2021-09-15 19:48:04
143	76	Nam tempor diam dictum sapien. Aenean massa. Integer vitae nibh. Donec est mauris,	834	2022-03-13 14:18:34
144	66	enim, condimentum eget, volutpat ornare, facilisis eget, ipsum. Donec sollicitudin adipiscing ligula. Aenean gravida nunc sed pede. Cum sociis natoque penatibus et magnis dis parturient montes, nascetur ridiculus mus. Proin vel arcu eu odio tristique pharetra. Quisque ac libero nec ligula consectetuer rhoncus. Nullam velit dui, semper et, lacinia vitae, sodales at, velit. Pellentesque ultricies	823	2020-03-01 16:18:26
145	36	arcu. Vestibulum ante ipsum primis in faucibus orci luctus et ultrices	497	2022-03-02 14:37:42
146	69	tincidunt congue turpis. In condimentum. Donec at arcu. Vestibulum ante ipsum	135	2020-05-25 11:23:28
147	3	dictum. Phasellus in felis. Nulla tempor augue ac ipsum. Phasellus vitae mauris sit amet lorem semper auctor. Mauris vel turpis.	751	2021-08-25 03:35:22
148	65	Aliquam erat volutpat. Nulla dignissim. Maecenas ornare egestas ligula. Nullam feugiat placerat velit. Quisque varius. Nam porttitor scelerisque neque. Nullam nisl. Maecenas malesuada fringilla est. Mauris eu turpis. Nulla aliquet. Proin velit.	665	2020-08-29 22:23:54
149	88	imperdiet ullamcorper. Duis at lacus. Quisque purus sapien, gravida non, sollicitudin a, malesuada id, erat. Etiam vestibulum massa rutrum magna. Cras convallis convallis dolor. Quisque tincidunt pede ac urna. Ut tincidunt vehicula risus. Nulla eget metus eu	565	2021-01-31 18:00:33
150	66	dapibus ligula. Aliquam erat volutpat. Nulla dignissim. Maecenas ornare egestas ligula. Nullam feugiat placerat velit. Quisque varius. Nam porttitor scelerisque neque. Nullam nisl. Maecenas malesuada fringilla est. Mauris eu turpis. Nulla aliquet.	238	2021-11-13 06:01:57
151	97	Suspendisse dui. Fusce diam nunc,	262	2020-08-06 17:09:39
152	21	eu neque pellentesque massa lobortis ultrices. Vivamus rhoncus. Donec est. Nunc ullamcorper, velit in aliquet lobortis, nisi nibh lacinia orci, consectetuer euismod est arcu ac orci. Ut semper pretium neque. Morbi quis urna. Nunc quis	38	2020-10-31 16:35:53
154	73	egestas. Sed pharetra, felis eget varius ultrices, mauris ipsum porta elit, a feugiat tellus lorem eu metus. In lorem. Donec elementum, lorem ut aliquam iaculis, lacus pede sagittis augue, eu tempor erat neque non quam. Pellentesque habitant morbi tristique senectus et netus et malesuada fames ac	233	2022-09-08 22:34:34
155	68	eu, accumsan sed, facilisis vitae, orci. Phasellus dapibus quam quis diam. Pellentesque habitant morbi tristique senectus et netus et malesuada fames ac	979	2020-07-25 19:59:24
156	72	neque pellentesque massa lobortis ultrices. Vivamus rhoncus. Donec est. Nunc ullamcorper, velit in aliquet lobortis, nisi nibh lacinia orci, consectetuer euismod est arcu ac orci. Ut semper pretium neque. Morbi quis urna. Nunc quis arcu vel quam dignissim pharetra. Nam ac nulla.	993	2021-09-01 06:53:29
157	133	pede. Praesent eu dui. Cum sociis natoque penatibus et magnis dis parturient montes, nascetur ridiculus mus. Aenean eget magna. Suspendisse tristique	476	2021-01-07 04:39:36
158	104	adipiscing, enim mi tempor lorem, eget mollis lectus pede	910	2021-03-31 23:14:17
159	6	Nunc mauris sapien, cursus in, hendrerit consectetuer, cursus et, magna. Praesent interdum ligula eu enim. Etiam imperdiet dictum magna. Ut tincidunt orci quis lectus. Nullam suscipit, est ac facilisis facilisis, magna tellus faucibus leo, in lobortis tellus justo sit amet nulla. Donec non justo. Proin non massa non ante bibendum ullamcorper. Duis cursus, diam at pretium aliquet, metus urna	608	2022-09-04 03:08:55
160	121	tellus justo sit amet nulla. Donec	157	2020-05-21 18:31:07
161	3	dui. Fusce diam nunc, ullamcorper eu, euismod ac, fermentum vel, mauris. Integer sem elit, pharetra ut, pharetra sed, hendrerit a,	772	2021-09-02 23:24:09
162	43	diam luctus lobortis. Class aptent taciti sociosqu ad litora torquent per conubia nostra, per inceptos hymenaeos. Mauris ut quam vel sapien imperdiet ornare. In faucibus. Morbi vehicula. Pellentesque tincidunt tempus risus. Donec egestas. Duis ac arcu.	771	2021-05-07 14:12:38
163	8	velit. Pellentesque ultricies dignissim lacus. Aliquam rutrum lorem ac risus. Morbi metus. Vivamus euismod urna. Nullam lobortis quam a felis ullamcorper viverra. Maecenas	962	2022-06-21 05:34:28
164	136	luctus lobortis. Class aptent taciti sociosqu ad litora	1	2020-08-22 10:42:22
165	150	Mauris magna. Duis dignissim tempor arcu. Vestibulum ut eros non enim commodo hendrerit. Donec porttitor tellus non magna. Nam ligula elit, pretium et, rutrum non, hendrerit id, ante. Nunc mauris sapien, cursus in, hendrerit consectetuer, cursus et, magna. Praesent interdum ligula eu	869	2021-09-09 23:43:46
166	46	aliquam eros turpis non enim. Mauris quis turpis vitae purus gravida sagittis. Duis gravida. Praesent eu nulla at sem molestie sodales. Mauris blandit enim consequat purus. Maecenas libero est, congue a, aliquet vel,	981	2022-06-06 09:25:59
167	111	neque pellentesque massa lobortis ultrices. Vivamus rhoncus. Donec est. Nunc ullamcorper, velit in aliquet lobortis, nisi nibh lacinia orci, consectetuer euismod est arcu ac orci. Ut semper pretium neque. Morbi quis urna. Nunc quis arcu	174	2020-07-03 19:12:24
168	171	semper, dui lectus rutrum urna, nec luctus felis purus ac tellus. Suspendisse sed dolor. Fusce mi lorem, vehicula et, rutrum eu, ultrices sit amet, risus. Donec nibh enim, gravida sit amet, dapibus id, blandit at, nisi. Cum sociis natoque penatibus et magnis dis parturient montes, nascetur ridiculus mus. Proin vel nisl. Quisque fringilla euismod enim. Etiam gravida molestie arcu.	991	2022-01-07 16:26:07
169	186	congue a, aliquet vel, vulputate eu, odio. Phasellus at augue id	818	2020-09-25 07:18:42
170	6	montes, nascetur ridiculus mus. Proin vel nisl. Quisque fringilla euismod enim. Etiam gravida molestie arcu. Sed eu nibh vulputate mauris sagittis placerat. Cras dictum ultricies ligula. Nullam enim. Sed nulla ante, iaculis nec, eleifend non, dapibus rutrum, justo. Praesent luctus. Curabitur egestas nunc sed libero. Proin sed turpis nec mauris blandit	460	2020-03-20 15:38:27
171	130	justo faucibus lectus, a sollicitudin orci sem eget massa. Suspendisse eleifend. Cras sed leo. Cras vehicula aliquet libero.	336	2021-01-15 11:33:40
172	116	diam lorem, auctor quis, tristique ac, eleifend vitae, erat. Vivamus	801	2021-05-06 02:19:47
173	183	non, sollicitudin a, malesuada id, erat. Etiam vestibulum massa rutrum	475	2022-03-13 01:18:10
174	86	sit amet, risus. Donec nibh enim, gravida sit amet, dapibus id, blandit at, nisi. Cum sociis natoque penatibus et magnis dis parturient montes, nascetur ridiculus mus. Proin vel nisl. Quisque fringilla	926	2020-09-24 04:48:02
175	104	ipsum dolor sit amet, consectetuer adipiscing elit. Curabitur sed tortor. Integer aliquam adipiscing lacus. Ut nec urna et arcu imperdiet ullamcorper. Duis at lacus. Quisque purus sapien, gravida non, sollicitudin a, malesuada id, erat. Etiam vestibulum massa rutrum magna. Cras convallis convallis dolor. Quisque tincidunt	659	2021-02-12 02:36:16
176	43	ut erat. Sed nunc est, mollis non, cursus non, egestas a, dui. Cras pellentesque. Sed dictum. Proin eget odio. Aliquam vulputate ullamcorper magna. Sed eu eros. Nam consequat dolor vitae dolor. Donec fringilla. Donec feugiat metus	59	2021-10-15 05:56:32
177	76	scelerisque neque. Nullam nisl. Maecenas malesuada fringilla est. Mauris eu turpis. Nulla aliquet. Proin velit. Sed malesuada augue ut lacus. Nulla tincidunt, neque vitae semper egestas, urna justo faucibus lectus,	920	2020-07-27 11:58:31
178	51	quam. Curabitur vel lectus. Cum sociis natoque penatibus et magnis	809	2021-08-04 06:12:15
179	123	consequat nec, mollis vitae, posuere at, velit. Cras lorem lorem, luctus ut, pellentesque eget, dictum placerat, augue. Sed molestie. Sed id risus quis diam luctus lobortis. Class aptent taciti sociosqu ad litora torquent per conubia nostra, per inceptos hymenaeos. Mauris ut quam vel	183	2021-06-08 01:17:36
180	163	urna. Ut tincidunt vehicula risus. Nulla eget	892	2022-08-07 01:34:32
181	90	dapibus gravida. Aliquam tincidunt, nunc ac mattis ornare, lectus ante dictum mi, ac mattis velit justo nec ante. Maecenas mi felis, adipiscing fringilla, porttitor vulputate, posuere vulputate, lacus. Cras interdum. Nunc sollicitudin commodo ipsum. Suspendisse non leo. Vivamus nibh dolor, nonummy ac, feugiat non, lobortis	202	2022-01-02 13:40:28
182	106	facilisis facilisis, magna tellus faucibus leo, in lobortis tellus justo sit amet nulla. Donec non justo. Proin non massa non	667	2021-02-07 11:13:21
183	68	tincidunt tempus risus. Donec egestas. Duis ac arcu. Nunc mauris. Morbi non sapien molestie orci tincidunt adipiscing. Mauris molestie pharetra nibh. Aliquam ornare, libero at	710	2021-11-19 07:29:22
184	142	volutpat nunc sit amet metus. Aliquam erat volutpat. Nulla facilisis. Suspendisse commodo tincidunt nibh. Phasellus nulla. Integer vulputate, risus a ultricies adipiscing, enim mi tempor lorem, eget mollis lectus pede et risus. Quisque libero lacus, varius et, euismod et, commodo at, libero. Morbi accumsan laoreet ipsum. Curabitur consequat, lectus sit amet luctus vulputate,	135	2021-07-15 06:58:06
185	51	consectetuer rhoncus. Nullam velit dui, semper et, lacinia vitae, sodales at, velit. Pellentesque ultricies dignissim lacus. Aliquam rutrum lorem ac risus. Morbi metus. Vivamus euismod urna. Nullam lobortis quam a felis ullamcorper viverra. Maecenas iaculis aliquet diam. Sed diam lorem, auctor quis, tristique ac, eleifend vitae, erat. Vivamus	962	2022-07-05 06:27:58
186	27	et tristique pellentesque, tellus sem mollis dui, in sodales elit erat vitae risus. Duis a mi fringilla mi lacinia mattis. Integer eu lacus. Quisque imperdiet, erat nonummy ultricies ornare, elit elit fermentum risus, at fringilla purus mauris a nunc. In at	86	2022-02-21 12:08:40
187	20	nostra, per inceptos hymenaeos. Mauris ut quam vel sapien imperdiet ornare. In faucibus. Morbi vehicula. Pellentesque tincidunt tempus risus. Donec egestas. Duis ac arcu. Nunc mauris. Morbi non sapien molestie orci tincidunt adipiscing. Mauris molestie pharetra	586	2022-05-27 20:41:02
188	2	nec, mollis vitae, posuere at, velit. Cras lorem lorem,	476	2020-02-20 16:46:36
189	80	Quisque libero lacus, varius et, euismod et, commodo at, libero. Morbi accumsan laoreet ipsum. Curabitur consequat,	614	2020-06-19 23:00:41
190	77	Etiam imperdiet dictum magna. Ut tincidunt orci quis lectus. Nullam suscipit, est	914	2022-06-28 01:48:56
191	9	eget, volutpat ornare, facilisis eget, ipsum. Donec	248	2020-02-29 07:24:33
192	58	erat. Sed nunc est, mollis non, cursus non, egestas a, dui. Cras pellentesque. Sed dictum. Proin eget odio. Aliquam vulputate ullamcorper magna. Sed eu eros. Nam consequat dolor vitae dolor. Donec fringilla. Donec feugiat metus sit amet ante. Vivamus non lorem vitae odio sagittis semper. Nam tempor	203	2022-05-08 15:46:03
193	152	a odio semper cursus. Integer mollis. Integer tincidunt aliquam arcu. Aliquam ultrices iaculis odio. Nam interdum enim non nisi. Aenean eget metus. In nec orci. Donec nibh. Quisque nonummy ipsum non arcu. Vivamus sit amet risus. Donec egestas. Aliquam nec enim. Nunc ut erat. Sed nunc est, mollis non, cursus non, egestas a, dui. Cras pellentesque.	989	2021-03-05 17:51:19
194	184	adipiscing non, luctus sit amet, faucibus ut, nulla. Cras eu tellus eu augue porttitor interdum. Sed auctor odio a purus. Duis elementum, dui quis accumsan convallis, ante lectus convallis est, vitae sodales nisi magna sed dui. Fusce aliquam, enim nec tempus scelerisque, lorem ipsum sodales purus, in molestie tortor nibh sit amet orci. Ut sagittis lobortis	900	2021-12-28 21:38:53
195	68	nisl. Maecenas malesuada fringilla est. Mauris eu turpis. Nulla aliquet. Proin velit. Sed malesuada augue ut	84	2021-12-19 11:16:31
196	57	eu sem. Pellentesque ut ipsum ac mi eleifend egestas. Sed pharetra, felis eget varius ultrices, mauris ipsum porta elit, a feugiat tellus lorem eu metus. In lorem. Donec elementum, lorem ut aliquam iaculis,	573	2021-09-07 08:25:55
197	143	sociis natoque penatibus et magnis dis parturient montes, nascetur ridiculus mus. Donec dignissim magna a	571	2020-10-21 15:55:58
198	112	et risus. Quisque libero lacus, varius et, euismod et, commodo at, libero. Morbi accumsan laoreet ipsum. Curabitur consequat, lectus sit amet luctus vulputate, nisi sem semper erat, in consectetuer ipsum nunc id enim. Curabitur massa. Vestibulum accumsan neque et nunc.	899	2022-07-20 23:40:35
199	3	sit amet	281	2021-12-01 03:14:03
200	136	Aenean gravida nunc sed pede. Cum sociis natoque penatibus et magnis dis parturient montes, nascetur ridiculus mus. Proin vel arcu eu odio tristique pharetra. Quisque ac libero	623	2022-05-06 01:07:45
\.


--
-- Data for Name: channels_users; Type: TABLE DATA; Schema: public; Owner: gb_user
--

COPY public.channels_users (channel_id, user_id, created_at) FROM stdin;
23	183	2021-01-27 19:05:40
135	182	2021-12-19 07:13:14
127	121	2021-06-21 01:26:34
110	156	2022-02-06 15:19:06
131	108	2020-01-27 05:19:21
99	182	2021-03-21 11:12:43
133	12	2020-10-19 20:02:23
147	181	2020-11-15 04:44:10
145	132	2022-01-01 19:03:45
189	112	2022-03-09 09:54:36
96	147	2021-01-23 04:58:02
67	31	2020-12-24 01:05:38
86	7	2020-08-28 21:54:05
67	184	2021-07-30 11:08:11
134	88	2022-04-08 23:26:25
83	57	2020-08-04 21:13:59
152	65	2022-09-10 15:53:57
156	186	2020-04-04 07:29:35
57	111	2020-10-26 09:46:25
9	118	2022-08-03 11:04:05
44	154	2022-05-31 01:33:11
79	13	2021-03-13 18:31:00
141	39	2021-02-18 23:46:10
156	32	2020-11-08 08:05:50
195	166	2022-01-22 18:35:14
171	87	2021-06-24 01:47:38
127	132	2022-02-22 05:42:50
133	149	2021-05-06 11:46:21
122	134	2020-03-02 23:52:31
146	114	2020-07-22 20:16:12
106	178	2021-12-12 22:44:01
173	141	2020-01-22 15:47:35
155	154	2022-03-12 21:30:14
160	142	2021-03-16 06:19:08
112	120	2022-07-16 21:58:56
74	98	2022-04-24 23:14:03
139	38	2021-11-11 20:04:07
129	26	2020-07-03 16:28:52
173	116	2020-12-02 03:43:44
74	94	2020-08-22 03:19:48
162	64	2022-03-26 17:42:24
2	178	2021-12-04 09:20:59
55	57	2022-02-23 06:20:42
14	150	2021-07-17 12:50:24
35	117	2021-11-05 04:56:37
118	121	2020-09-05 09:39:02
152	27	2021-02-11 10:33:33
66	132	2022-04-15 23:59:06
146	46	2020-07-19 03:10:36
76	14	2020-03-06 18:00:52
31	106	2020-09-06 23:26:01
115	88	2022-03-21 16:33:27
162	46	2020-06-30 16:27:46
111	17	2022-07-17 00:22:38
163	121	2021-09-14 00:57:55
25	17	2021-04-13 21:13:56
194	191	2020-06-04 07:37:57
45	165	2020-03-24 05:46:17
54	45	2022-04-08 06:46:52
60	79	2021-05-20 22:41:23
132	2	2021-11-27 23:49:08
158	17	2020-04-17 16:08:41
139	66	2020-07-05 09:49:57
164	82	2020-01-20 00:02:17
124	132	2021-12-09 15:26:42
133	24	2022-05-04 12:52:57
84	114	2021-08-15 02:51:54
16	55	2021-12-19 17:10:49
117	138	2021-11-30 19:28:57
113	150	2022-08-16 08:14:21
65	96	2021-05-25 20:26:31
134	148	2022-06-12 21:37:14
115	169	2021-02-10 20:07:46
61	166	2021-12-15 18:27:54
20	87	2020-10-05 23:43:45
182	24	2020-07-25 05:18:00
133	121	2021-02-04 01:01:22
61	167	2020-08-23 12:30:19
39	123	2022-05-31 23:31:28
125	83	2022-02-23 01:13:41
183	126	2021-07-10 02:19:49
45	174	2021-07-03 01:24:36
161	178	2022-04-07 13:19:54
41	140	2021-05-03 08:18:15
95	162	2022-07-01 21:40:32
145	150	2020-06-12 09:48:29
84	73	2021-04-01 20:35:41
163	168	2021-08-01 09:14:18
38	62	2020-09-13 21:20:33
66	117	2020-03-12 17:31:47
147	114	2020-11-17 03:58:19
85	156	2021-01-07 00:43:10
198	140	2021-12-23 05:59:59
173	20	2020-07-31 05:23:35
106	154	2022-05-26 01:32:22
177	112	2022-07-21 19:43:56
132	41	2021-05-14 21:11:56
43	188	2021-03-18 10:34:26
127	154	2021-05-05 05:22:58
192	93	2022-06-17 17:26:06
111	162	2021-07-13 11:44:53
27	83	2020-03-11 00:35:42
22	73	2022-02-15 03:47:47
97	105	2021-05-22 16:08:41
118	164	2021-01-16 16:48:41
170	112	2022-07-01 16:47:46
56	101	2021-04-14 22:14:42
7	42	2021-11-04 08:26:47
77	138	2021-01-03 23:19:08
36	83	2021-04-12 22:03:39
15	55	2022-04-04 03:46:48
3	31	2022-06-15 01:45:29
123	4	2020-07-04 00:28:03
168	47	2020-01-28 13:40:56
123	38	2021-06-19 00:42:11
195	11	2020-04-07 16:57:45
26	162	2021-03-24 18:29:13
155	126	2021-11-29 09:13:08
103	132	2022-06-01 13:37:58
161	110	2022-01-24 10:13:09
130	146	2020-06-12 21:02:50
158	197	2021-08-31 04:13:12
167	168	2021-05-02 02:01:50
64	73	2021-04-12 17:21:24
162	107	2020-05-13 07:20:27
198	145	2021-07-11 03:17:45
36	69	2021-08-10 10:01:29
9	14	2022-01-20 21:42:12
104	194	2022-01-06 06:43:10
134	142	2020-03-06 06:52:52
141	129	2021-05-10 01:51:25
166	15	2020-04-15 01:52:52
185	46	2021-05-02 11:55:36
196	57	2021-09-03 11:18:57
44	27	2021-05-29 04:18:54
144	155	2021-10-19 19:29:53
95	183	2020-12-29 17:44:50
138	133	2022-08-05 12:44:59
24	155	2022-07-24 01:46:27
167	150	2021-10-15 13:01:33
115	52	2021-03-22 21:39:58
195	83	2022-02-27 06:47:27
143	84	2022-08-08 16:30:52
37	130	2021-11-28 02:50:30
96	23	2020-02-24 15:50:22
16	1	2021-05-23 20:26:05
68	9	2022-07-05 01:31:07
181	108	2021-12-13 20:34:21
72	48	2020-07-25 05:06:37
131	32	2021-12-09 12:34:32
83	138	2021-03-14 22:25:54
195	55	2020-10-27 01:40:36
105	18	2020-03-27 15:36:27
132	43	2022-04-11 04:41:17
146	189	2022-07-14 10:15:34
99	15	2022-02-10 21:33:14
142	130	2020-08-30 02:26:43
22	58	2020-06-16 04:25:42
171	108	2020-02-08 22:42:41
169	21	2021-10-04 20:47:14
117	73	2022-02-17 16:06:27
158	74	2022-03-12 02:06:28
114	107	2021-11-09 02:29:56
100	14	2020-10-30 09:13:24
66	189	2021-11-10 02:27:30
130	91	2020-08-01 10:35:13
36	128	2021-01-02 22:28:30
38	2	2021-03-26 12:46:52
140	60	2020-01-21 15:57:50
80	179	2020-02-03 10:45:22
65	159	2020-07-05 05:05:16
156	144	2020-12-17 02:48:55
43	177	2021-03-19 18:40:45
184	132	2020-03-11 02:22:15
169	27	2022-02-11 06:09:34
30	168	2022-03-16 13:11:52
34	90	2020-11-25 02:52:39
49	192	2020-02-12 17:32:17
7	155	2021-07-05 12:04:47
51	75	2021-07-04 22:54:38
71	19	2021-04-29 16:39:18
76	175	2020-11-02 04:58:05
124	168	2020-12-08 23:36:22
37	107	2022-04-07 15:59:52
94	191	2020-08-05 21:09:18
189	73	2021-10-28 15:49:32
85	176	2020-06-20 05:59:15
133	10	2022-02-19 23:42:00
88	19	2021-03-08 03:06:14
89	57	2020-05-17 11:34:14
114	188	2022-04-29 20:04:13
157	143	2020-03-13 22:05:57
90	199	2021-01-07 22:11:04
112	10	2020-06-03 02:53:30
29	69	2021-07-11 12:09:20
191	83	2021-12-03 16:01:36
91	61	2021-06-06 18:02:13
42	51	2022-04-15 13:39:30
129	134	2021-01-08 17:30:46
178	55	2020-01-04 07:17:01
\.


--
-- Data for Name: comment_channels_messages; Type: TABLE DATA; Schema: public; Owner: gb_user
--

COPY public.comment_channels_messages (id, from_user_id, to_channel_message_id, body, created_at) FROM stdin;
1	33	93	nostra, per inceptos hymenaeos. Mauris ut quam vel sapien imperdiet ornare. In faucibus. Morbi vehicula. Pellentesque tincidunt tempus risus. Donec egestas. Duis ac	2020-06-23 14:18:09
2	186	14	est, mollis non, cursus non, egestas a, dui. Cras pellentesque. Sed dictum. Proin eget	2021-10-12 06:23:32
3	114	108	fames ac turpis egestas. Fusce aliquet magna a neque. Nullam ut nisi a odio semper cursus. Integer mollis. Integer tincidunt aliquam arcu. Aliquam ultrices iaculis odio. Nam interdum enim non nisi. Aenean eget metus. In nec orci. Donec nibh. Quisque	2021-11-29 01:37:28
4	189	158	vitae mauris sit amet lorem semper auctor. Mauris vel turpis. Aliquam adipiscing lobortis risus. In mi pede, nonummy ut, molestie in, tempus eu, ligula. Aenean euismod mauris eu	2020-05-22 13:01:50
5	50	133	libero. Proin sed turpis nec mauris blandit mattis. Cras eget nisi dictum	2021-04-08 02:17:26
6	145	84	vestibulum massa rutrum magna. Cras convallis convallis dolor. Quisque tincidunt pede ac urna. Ut tincidunt vehicula risus. Nulla eget metus eu erat semper	2020-10-27 12:54:30
7	26	5	nulla. Donec non justo. Proin non massa non ante bibendum ullamcorper. Duis cursus, diam at pretium	2022-01-30 16:51:30
8	196	141	Aenean eget metus. In nec orci. Donec nibh. Quisque nonummy ipsum non arcu. Vivamus sit amet risus. Donec egestas. Aliquam nec enim. Nunc ut erat. Sed	2022-01-12 09:03:21
9	81	96	cursus et, magna. Praesent interdum ligula eu enim. Etiam imperdiet dictum magna. Ut tincidunt orci quis lectus. Nullam suscipit, est ac facilisis facilisis, magna tellus faucibus leo, in lobortis tellus justo sit amet nulla. Donec non justo. Proin	2022-09-09 02:27:33
10	99	189	porttitor tellus non magna. Nam ligula elit, pretium et, rutrum non, hendrerit id, ante. Nunc mauris sapien, cursus in, hendrerit consectetuer, cursus et, magna. Praesent interdum	2021-08-24 12:10:15
11	129	108	velit eget laoreet posuere, enim nisl elementum	2021-04-03 10:17:52
12	71	195	tincidunt pede ac urna. Ut tincidunt vehicula risus. Nulla eget metus eu erat semper	2021-06-09 12:46:58
13	199	125	Duis gravida. Praesent eu nulla at sem molestie sodales. Mauris blandit enim consequat purus. Maecenas libero est, congue	2021-02-03 09:14:51
14	42	111	dui, nec tempus mauris erat	2022-02-08 23:08:23
15	117	87	amet lorem semper auctor. Mauris vel turpis. Aliquam adipiscing lobortis risus. In mi pede, nonummy ut, molestie	2021-11-08 11:05:22
16	169	150	ipsum sodales purus, in molestie tortor nibh	2020-09-12 01:26:46
17	90	157	a feugiat tellus lorem eu metus. In lorem.	2022-03-30 17:18:39
18	143	187	et, rutrum eu, ultrices sit amet, risus. Donec nibh enim, gravida sit amet, dapibus id, blandit at, nisi. Cum sociis natoque penatibus et magnis dis parturient montes, nascetur ridiculus mus. Proin vel nisl.	2020-10-18 05:09:47
19	125	189	neque sed sem egestas blandit. Nam nulla magna, malesuada vel, convallis in, cursus et, eros. Proin ultrices. Duis volutpat nunc sit amet metus. Aliquam erat volutpat. Nulla facilisis. Suspendisse commodo tincidunt nibh. Phasellus nulla. Integer vulputate,	2020-03-04 11:12:42
20	42	181	et libero. Proin mi. Aliquam gravida mauris ut mi. Duis risus odio, auctor vitae, aliquet nec, imperdiet nec, leo. Morbi neque tellus, imperdiet non, vestibulum nec, euismod in, dolor. Fusce feugiat. Lorem ipsum dolor sit amet, consectetuer adipiscing	2022-08-09 15:44:39
21	79	195	at lacus. Quisque purus sapien, gravida non, sollicitudin a, malesuada id, erat. Etiam vestibulum massa rutrum magna. Cras convallis convallis dolor. Quisque tincidunt pede ac urna.	2020-05-09 21:57:24
22	1	32	at lacus. Quisque purus sapien, gravida non, sollicitudin a, malesuada id, erat. Etiam vestibulum massa rutrum magna. Cras convallis convallis dolor. Quisque tincidunt pede ac	2020-04-08 15:37:34
23	95	132	eu augue porttitor interdum. Sed auctor odio a purus. Duis elementum, dui quis	2020-09-08 05:19:34
24	75	192	augue. Sed molestie. Sed id risus quis diam luctus	2021-04-09 05:53:51
25	147	143	ipsum porta elit, a feugiat tellus lorem eu metus. In lorem. Donec elementum, lorem ut aliquam iaculis, lacus pede sagittis augue, eu tempor erat neque non quam. Pellentesque habitant morbi tristique senectus et netus et malesuada	2022-08-16 00:23:33
26	63	81	sollicitudin a, malesuada id, erat. Etiam vestibulum massa rutrum magna. Cras	2021-01-16 14:05:58
27	194	139	venenatis vel, faucibus id, libero. Donec consectetuer mauris id sapien. Cras dolor dolor, tempus non, lacinia at, iaculis quis, pede. Praesent eu dui.	2021-10-23 17:54:11
28	109	126	auctor quis, tristique ac, eleifend vitae, erat. Vivamus nisi. Mauris nulla. Integer urna. Vivamus molestie dapibus	2022-08-25 11:28:58
29	59	124	orci, in consequat enim diam vel arcu. Curabitur ut odio vel est tempor bibendum. Donec felis orci, adipiscing non, luctus sit amet, faucibus ut, nulla.	2020-09-16 11:23:00
30	131	164	at arcu. Vestibulum ante ipsum primis in faucibus orci	2020-06-26 14:21:34
31	156	77	rutrum urna, nec luctus felis purus ac tellus. Suspendisse sed dolor. Fusce mi lorem, vehicula et, rutrum eu, ultrices sit amet, risus. Donec nibh enim, gravida sit amet, dapibus id, blandit at, nisi. Cum sociis natoque	2021-11-01 14:16:02
32	65	52	ac mattis semper, dui lectus	2022-06-19 04:49:47
33	51	33	elementum, lorem ut aliquam iaculis, lacus pede sagittis augue, eu tempor erat neque non quam. Pellentesque habitant	2021-01-30 18:21:03
34	177	193	Nunc ac sem ut dolor dapibus gravida. Aliquam tincidunt, nunc ac mattis ornare, lectus ante dictum mi, ac mattis velit justo nec ante. Maecenas mi	2020-06-01 01:07:03
35	151	52	eu tempor erat neque non quam. Pellentesque habitant morbi tristique senectus et netus et malesuada fames ac turpis egestas. Aliquam fringilla cursus purus. Nullam scelerisque neque sed sem egestas blandit. Nam nulla magna, malesuada vel, convallis in,	2020-12-10 16:48:53
36	155	70	montes, nascetur ridiculus mus. Proin vel arcu eu odio tristique pharetra. Quisque ac libero nec ligula consectetuer rhoncus. Nullam velit dui, semper et, lacinia vitae, sodales at, velit. Pellentesque ultricies dignissim lacus. Aliquam rutrum lorem ac risus. Morbi metus.	2020-01-05 20:49:17
37	128	134	Phasellus dapibus quam quis diam. Pellentesque habitant morbi tristique senectus et netus et malesuada fames ac turpis egestas. Fusce aliquet magna a neque. Nullam ut nisi a odio semper cursus.	2020-09-15 05:24:34
38	107	184	nec enim. Nunc ut erat. Sed nunc est, mollis non, cursus non, egestas a, dui. Cras pellentesque. Sed dictum. Proin eget odio. Aliquam vulputate ullamcorper magna. Sed	2021-02-26 06:02:12
39	17	196	fermentum arcu. Vestibulum ante ipsum primis in	2021-12-21 09:56:49
40	115	16	Sed nunc est, mollis non, cursus non, egestas a, dui. Cras pellentesque. Sed dictum. Proin eget odio.	2021-08-07 22:43:49
41	193	131	arcu vel quam dignissim pharetra. Nam ac nulla. In tincidunt congue turpis. In condimentum. Donec at arcu.	2020-03-09 02:24:57
42	47	28	neque. Sed eget lacus.	2021-03-03 14:15:12
43	105	175	diam luctus lobortis. Class aptent taciti sociosqu ad litora torquent per conubia nostra, per inceptos hymenaeos. Mauris ut quam	2021-02-24 10:45:27
44	143	12	erat semper	2020-12-24 18:48:41
45	164	164	lacus. Nulla tincidunt, neque vitae semper egestas, urna justo faucibus	2022-02-14 14:29:26
46	78	33	ullamcorper. Duis at lacus. Quisque purus sapien, gravida non, sollicitudin a, malesuada id, erat. Etiam vestibulum massa rutrum magna. Cras convallis convallis dolor. Quisque tincidunt pede ac urna.	2021-02-16 21:35:46
47	46	114	at arcu. Vestibulum ante ipsum primis in faucibus orci luctus et ultrices posuere cubilia Curae Donec tincidunt. Donec vitae erat vel pede blandit congue. In scelerisque scelerisque dui. Suspendisse ac metus vitae velit egestas lacinia. Sed congue,	2020-04-20 12:38:59
48	77	54	ultrices sit amet, risus. Donec nibh enim, gravida sit	2022-02-09 06:33:14
49	25	42	natoque penatibus et magnis dis parturient montes, nascetur ridiculus mus. Aenean eget magna. Suspendisse	2020-03-28 23:39:19
50	177	68	est. Nunc ullamcorper, velit in aliquet lobortis, nisi nibh lacinia orci, consectetuer euismod est arcu ac orci. Ut semper pretium neque. Morbi quis urna. Nunc quis arcu vel quam dignissim pharetra. Nam ac nulla. In tincidunt	2020-11-21 07:51:51
51	129	59	dolor. Quisque tincidunt pede ac urna. Ut tincidunt vehicula risus. Nulla eget metus eu erat semper rutrum. Fusce dolor quam, elementum at, egestas a,	2021-09-27 14:39:55
52	21	158	amet, dapibus id, blandit at, nisi. Cum sociis natoque penatibus et magnis dis parturient montes, nascetur ridiculus mus. Proin vel nisl.	2021-01-21 20:19:53
53	157	136	vel quam dignissim pharetra. Nam ac nulla. In tincidunt congue turpis. In condimentum. Donec at arcu. Vestibulum ante ipsum primis in faucibus orci luctus et ultrices posuere cubilia Curae Donec tincidunt. Donec	2021-09-21 04:57:45
54	64	20	et, magna. Praesent interdum ligula	2020-08-08 00:48:05
55	84	28	justo. Proin non massa non ante bibendum ullamcorper. Duis cursus, diam at pretium aliquet, metus urna convallis erat, eget tincidunt	2020-06-10 08:16:15
56	2	52	Nam ligula elit, pretium et, rutrum non, hendrerit id, ante. Nunc mauris sapien, cursus in, hendrerit consectetuer, cursus et, magna. Praesent interdum ligula eu enim. Etiam imperdiet dictum magna. Ut tincidunt orci quis lectus. Nullam	2020-01-06 11:02:34
57	150	184	dui, semper et, lacinia vitae, sodales at, velit. Pellentesque ultricies dignissim lacus. Aliquam rutrum lorem ac risus. Morbi metus. Vivamus euismod	2021-07-26 23:08:45
58	162	95	nec, mollis vitae, posuere at, velit. Cras lorem	2020-11-28 17:27:42
59	47	161	Fusce fermentum fermentum arcu. Vestibulum ante ipsum primis in faucibus orci luctus et ultrices posuere cubilia Curae Phasellus ornare. Fusce mollis. Duis sit amet diam eu dolor egestas rhoncus. Proin nisl sem, consequat nec, mollis vitae, posuere	2022-05-07 23:39:50
60	63	81	tincidunt congue turpis. In condimentum. Donec at arcu. Vestibulum ante ipsum primis in faucibus orci luctus et ultrices posuere cubilia Curae Donec tincidunt. Donec	2022-08-06 09:20:40
61	81	12	quis massa. Mauris vestibulum, neque sed dictum eleifend, nunc risus varius orci, in consequat enim diam vel arcu.	2021-06-28 23:17:13
62	186	60	gravida molestie arcu. Sed eu nibh vulputate mauris sagittis placerat. Cras dictum ultricies ligula. Nullam enim. Sed nulla ante, iaculis nec, eleifend non, dapibus rutrum,	2022-05-27 19:38:11
63	16	4	tempor arcu. Vestibulum ut eros non enim commodo hendrerit. Donec porttitor tellus non magna. Nam ligula elit, pretium et, rutrum non, hendrerit id, ante. Nunc mauris sapien, cursus in, hendrerit consectetuer, cursus et,	2020-04-25 00:19:46
64	150	163	nisi. Cum sociis natoque penatibus et magnis dis parturient montes, nascetur ridiculus mus. Proin vel nisl. Quisque fringilla euismod enim.	2020-03-05 21:51:46
65	145	75	nibh dolor, nonummy ac, feugiat non, lobortis quis, pede. Suspendisse dui. Fusce diam nunc, ullamcorper eu, euismod ac, fermentum vel, mauris. Integer sem elit, pharetra ut, pharetra sed, hendrerit a,	2021-11-24 09:57:00
66	2	76	at, velit. Cras lorem lorem, luctus ut, pellentesque eget, dictum placerat, augue. Sed molestie. Sed id risus quis diam luctus lobortis. Class aptent taciti sociosqu ad litora torquent per conubia nostra, per inceptos hymenaeos. Mauris	2020-04-12 05:42:15
67	182	49	ac nulla. In tincidunt congue turpis. In condimentum. Donec at arcu. Vestibulum ante ipsum primis in faucibus orci luctus	2020-05-30 11:21:32
68	96	161	et libero. Proin mi. Aliquam gravida mauris ut	2020-12-17 09:05:56
69	169	155	eleifend nec, malesuada ut, sem. Nulla interdum. Curabitur dictum. Phasellus in felis. Nulla tempor augue ac ipsum. Phasellus vitae mauris sit amet lorem semper auctor. Mauris vel turpis. Aliquam adipiscing lobortis risus.	2022-05-05 08:13:36
70	68	136	ac tellus. Suspendisse sed dolor. Fusce mi lorem, vehicula et, rutrum eu, ultrices sit amet, risus. Donec nibh enim, gravida sit amet, dapibus id, blandit at, nisi. Cum	2021-10-07 10:57:39
71	87	174	In mi pede, nonummy ut, molestie in, tempus eu, ligula. Aenean euismod mauris eu elit. Nulla facilisi. Sed neque. Sed eget lacus. Mauris non dui nec urna suscipit nonummy. Fusce fermentum fermentum arcu.	2020-08-16 11:56:51
72	180	72	commodo at, libero. Morbi accumsan laoreet ipsum. Curabitur consequat, lectus sit amet luctus vulputate, nisi sem semper erat, in consectetuer ipsum nunc id enim. Curabitur massa. Vestibulum accumsan neque et nunc.	2020-05-21 21:25:17
73	155	70	tortor. Nunc commodo auctor velit. Aliquam nisl. Nulla eu	2022-01-06 06:49:49
74	119	84	dictum. Proin eget odio. Aliquam vulputate ullamcorper magna. Sed eu eros. Nam consequat dolor vitae dolor. Donec fringilla. Donec feugiat metus sit amet ante. Vivamus non lorem vitae	2020-07-29 10:43:49
75	71	10	posuere, enim	2020-11-10 00:40:00
76	136	100	ac turpis egestas. Fusce aliquet magna a neque. Nullam ut nisi a odio semper cursus. Integer mollis. Integer tincidunt aliquam arcu. Aliquam ultrices iaculis odio. Nam interdum enim non nisi. Aenean eget metus. In nec orci.	2020-02-01 07:37:31
77	148	198	sem. Nulla interdum. Curabitur dictum.	2021-09-25 06:42:04
78	189	22	Nunc commodo auctor velit. Aliquam nisl. Nulla eu neque pellentesque massa lobortis ultrices. Vivamus rhoncus. Donec est. Nunc ullamcorper, velit in aliquet lobortis, nisi nibh lacinia orci, consectetuer euismod est arcu ac orci.	2020-11-26 02:28:57
79	175	124	malesuada fringilla est. Mauris eu turpis. Nulla aliquet. Proin velit. Sed malesuada augue ut lacus. Nulla tincidunt, neque vitae semper egestas, urna justo faucibus lectus, a sollicitudin orci sem eget massa. Suspendisse eleifend. Cras sed leo. Cras vehicula	2020-07-11 16:32:29
80	24	13	bibendum fermentum metus. Aenean sed pede nec ante blandit viverra. Donec tempus, lorem fringilla ornare placerat, orci lacus vestibulum lorem, sit amet ultricies sem magna nec quam. Curabitur vel lectus. Cum sociis natoque	2020-12-31 09:52:41
81	48	178	eleifend nec, malesuada ut, sem. Nulla interdum. Curabitur dictum. Phasellus in felis. Nulla tempor augue ac ipsum. Phasellus vitae mauris sit amet lorem semper auctor. Mauris vel turpis. Aliquam adipiscing lobortis	2020-01-03 21:48:14
82	196	149	arcu. Morbi sit amet massa. Quisque porttitor eros nec tellus. Nunc lectus pede, ultrices a, auctor non, feugiat nec, diam. Duis	2021-01-10 02:23:11
83	11	160	Sed diam lorem, auctor quis, tristique ac, eleifend vitae, erat. Vivamus nisi. Mauris nulla.	2022-03-08 21:59:51
84	45	145	pede et risus. Quisque libero lacus, varius et, euismod et, commodo at, libero. Morbi accumsan laoreet ipsum. Curabitur consequat, lectus sit amet luctus vulputate, nisi sem semper erat, in consectetuer ipsum nunc id enim. Curabitur massa. Vestibulum	2020-02-25 08:10:38
85	189	24	nostra, per inceptos hymenaeos. Mauris ut quam vel sapien imperdiet	2021-05-21 04:14:40
86	147	31	nisi sem semper erat, in consectetuer ipsum nunc id enim. Curabitur	2021-09-24 12:21:27
87	142	137	adipiscing lobortis risus. In mi pede, nonummy ut, molestie in,	2022-06-28 17:51:24
88	198	82	amet lorem semper auctor. Mauris vel turpis. Aliquam adipiscing lobortis risus. In mi pede,	2022-02-04 11:17:49
89	29	112	vel pede blandit congue. In scelerisque scelerisque dui. Suspendisse ac metus vitae velit egestas lacinia. Sed congue, elit sed consequat auctor, nunc nulla vulputate dui, nec tempus mauris erat eget ipsum. Suspendisse sagittis. Nullam vitae diam. Proin	2020-04-10 19:01:10
90	199	67	ridiculus mus. Proin vel arcu eu odio tristique pharetra. Quisque ac libero nec ligula consectetuer rhoncus. Nullam velit dui, semper	2022-04-22 07:00:32
91	67	114	Lorem ipsum dolor	2021-08-20 23:21:09
92	13	104	faucibus. Morbi vehicula. Pellentesque tincidunt tempus risus. Donec egestas. Duis ac arcu. Nunc mauris. Morbi non sapien molestie orci tincidunt adipiscing. Mauris molestie pharetra nibh. Aliquam ornare, libero at auctor ullamcorper, nisl arcu iaculis enim, sit amet ornare	2020-07-04 07:33:06
93	125	158	vestibulum. Mauris magna. Duis dignissim tempor arcu. Vestibulum ut eros non enim commodo hendrerit. Donec porttitor tellus	2021-10-13 01:02:02
94	91	84	Donec at arcu. Vestibulum ante ipsum primis in faucibus orci luctus et ultrices posuere	2022-08-12 05:24:00
95	33	193	dui. Cras pellentesque. Sed dictum. Proin eget odio. Aliquam vulputate ullamcorper magna. Sed eu eros. Nam consequat dolor vitae dolor. Donec fringilla.	2020-10-20 05:31:27
96	182	99	arcu. Morbi sit amet massa. Quisque porttitor eros nec tellus. Nunc lectus pede, ultrices a, auctor non, feugiat nec, diam. Duis mi enim, condimentum eget, volutpat ornare, facilisis	2020-04-02 11:23:50
97	36	104	lectus. Cum sociis natoque penatibus et magnis dis parturient montes, nascetur ridiculus mus. Donec dignissim magna a tortor. Nunc commodo	2021-03-05 00:44:38
98	1	110	mollis. Duis sit amet diam eu dolor egestas rhoncus. Proin nisl sem, consequat nec,	2020-04-29 19:20:16
99	12	35	odio. Nam interdum enim non nisi. Aenean eget metus. In nec orci. Donec nibh. Quisque nonummy ipsum non arcu. Vivamus sit amet risus. Donec egestas. Aliquam nec	2020-07-19 04:43:58
100	178	141	aliquet nec, imperdiet nec, leo. Morbi	2020-07-19 05:40:22
101	184	2	sagittis augue, eu tempor erat neque non quam. Pellentesque habitant morbi tristique senectus et netus et malesuada fames ac turpis egestas. Aliquam fringilla cursus purus. Nullam scelerisque	2022-01-04 15:22:39
102	43	143	sit amet metus. Aliquam erat volutpat. Nulla facilisis. Suspendisse commodo	2020-09-23 21:51:49
103	110	191	arcu. Morbi sit amet massa. Quisque porttitor eros nec tellus. Nunc lectus pede, ultrices a, auctor non, feugiat nec, diam. Duis mi enim, condimentum eget, volutpat ornare, facilisis eget, ipsum. Donec	2022-03-20 00:53:03
104	69	3	vitae, erat. Vivamus nisi. Mauris nulla. Integer urna. Vivamus molestie dapibus ligula. Aliquam erat volutpat. Nulla dignissim. Maecenas	2021-05-03 02:54:03
105	130	14	arcu. Vestibulum ante ipsum primis in faucibus orci luctus et ultrices posuere cubilia Curae Donec tincidunt. Donec vitae erat vel pede blandit congue. In scelerisque scelerisque dui. Suspendisse ac metus	2020-07-18 18:38:28
106	115	168	eleifend non, dapibus rutrum, justo. Praesent luctus. Curabitur egestas nunc sed libero. Proin sed turpis nec mauris blandit mattis. Cras eget nisi dictum augue malesuada malesuada. Integer	2021-03-05 00:21:18
107	60	36	rhoncus	2020-07-25 04:49:23
108	64	47	auctor velit. Aliquam nisl. Nulla eu neque pellentesque massa lobortis ultrices. Vivamus rhoncus. Donec est. Nunc ullamcorper, velit in aliquet lobortis, nisi nibh lacinia orci, consectetuer euismod est arcu ac orci.	2020-04-21 10:00:38
109	62	73	tellus eu augue porttitor interdum. Sed auctor odio a purus. Duis elementum, dui quis accumsan convallis, ante lectus convallis est, vitae sodales nisi magna sed dui. Fusce aliquam, enim nec tempus scelerisque, lorem ipsum sodales	2020-07-23 06:42:31
110	172	86	Suspendisse eleifend. Cras sed leo. Cras vehicula aliquet libero. Integer in magna. Phasellus dolor elit, pellentesque a, facilisis non, bibendum sed, est. Nunc laoreet lectus quis massa. Mauris	2020-10-02 20:03:58
111	190	64	mi lorem, vehicula et, rutrum eu, ultrices sit amet, risus. Donec nibh enim, gravida sit amet, dapibus id, blandit at, nisi. Cum	2021-12-24 10:41:57
112	188	146	a, facilisis non, bibendum sed, est. Nunc laoreet lectus quis massa. Mauris vestibulum, neque sed	2022-05-04 15:27:48
113	5	14	mi enim, condimentum eget, volutpat ornare, facilisis eget, ipsum. Donec sollicitudin adipiscing ligula. Aenean gravida nunc sed pede. Cum sociis natoque penatibus et magnis dis parturient montes, nascetur ridiculus mus. Proin vel arcu eu odio tristique pharetra. Quisque ac	2021-09-17 00:21:39
114	64	121	feugiat tellus lorem eu metus.	2021-05-19 12:59:16
115	163	64	congue a, aliquet vel, vulputate eu, odio. Phasellus at augue id ante dictum cursus. Nunc mauris elit, dictum eu, eleifend nec, malesuada ut, sem. Nulla interdum. Curabitur dictum.	2020-04-17 07:08:41
116	115	174	metus vitae velit egestas lacinia. Sed congue, elit sed consequat auctor, nunc nulla vulputate dui, nec tempus mauris erat eget ipsum. Suspendisse sagittis. Nullam vitae diam. Proin dolor. Nulla semper tellus id nunc interdum	2021-10-14 06:18:06
117	15	173	dis parturient montes, nascetur ridiculus mus. Donec dignissim magna a tortor. Nunc commodo auctor velit. Aliquam nisl. Nulla eu	2020-02-01 23:43:26
118	113	184	nisi sem semper erat, in consectetuer ipsum nunc id enim. Curabitur massa. Vestibulum accumsan neque et nunc. Quisque ornare tortor at risus. Nunc ac sem ut dolor dapibus gravida. Aliquam tincidunt,	2021-02-01 08:27:25
119	7	155	quis lectus. Nullam suscipit, est ac facilisis facilisis, magna tellus faucibus leo, in lobortis tellus justo sit amet nulla. Donec non justo. Proin non massa non ante bibendum ullamcorper. Duis cursus, diam at pretium aliquet, metus urna	2021-04-01 18:32:27
120	78	182	tellus. Phasellus elit pede, malesuada vel, venenatis vel, faucibus id, libero. Donec consectetuer mauris id sapien. Cras dolor dolor, tempus non, lacinia at, iaculis quis, pede. Praesent eu dui. Cum sociis natoque penatibus et magnis dis parturient montes, nascetur	2021-04-20 02:51:27
121	100	89	vel, mauris. Integer sem elit, pharetra ut, pharetra sed, hendrerit a, arcu. Sed et libero. Proin mi. Aliquam gravida mauris ut mi. Duis risus odio, auctor	2020-03-15 18:37:02
122	11	67	in, tempus eu, ligula. Aenean euismod mauris eu elit. Nulla facilisi. Sed neque. Sed eget lacus. Mauris non dui nec urna suscipit nonummy. Fusce fermentum fermentum arcu. Vestibulum ante ipsum primis in faucibus orci luctus et ultrices posuere cubilia Curae	2020-11-23 23:22:51
123	103	137	commodo hendrerit. Donec porttitor tellus non magna. Nam ligula elit, pretium et, rutrum non, hendrerit id, ante. Nunc mauris sapien,	2021-05-15 05:02:34
124	196	127	Sed id risus quis diam luctus lobortis. Class aptent taciti sociosqu ad litora torquent per conubia nostra, per inceptos hymenaeos. Mauris ut quam vel sapien imperdiet ornare. In faucibus. Morbi vehicula. Pellentesque tincidunt tempus risus. Donec egestas. Duis ac	2022-09-09 05:48:15
125	161	191	imperdiet, erat nonummy ultricies ornare, elit elit fermentum risus, at fringilla purus mauris a nunc. In at pede. Cras vulputate velit eu sem. Pellentesque ut ipsum ac mi eleifend egestas. Sed pharetra, felis eget varius ultrices, mauris ipsum porta elit,	2022-04-30 20:24:40
126	19	156	orci, consectetuer euismod est arcu ac orci. Ut semper pretium neque. Morbi quis urna. Nunc quis arcu vel quam dignissim pharetra. Nam ac nulla. In tincidunt congue turpis. In condimentum. Donec at arcu. Vestibulum ante ipsum	2020-06-25 09:49:22
127	197	127	semper et, lacinia vitae, sodales at, velit. Pellentesque ultricies dignissim lacus. Aliquam rutrum lorem ac risus. Morbi metus. Vivamus euismod urna. Nullam lobortis quam a felis ullamcorper	2021-09-10 11:41:28
128	98	177	diam at	2022-04-15 13:32:49
129	100	173	Praesent eu dui. Cum sociis natoque penatibus et magnis dis parturient montes, nascetur ridiculus mus. Aenean eget magna. Suspendisse tristique neque venenatis lacus. Etiam bibendum fermentum metus. Aenean sed pede nec ante blandit viverra. Donec tempus,	2021-12-09 09:43:50
130	137	27	nibh. Aliquam ornare, libero at auctor ullamcorper, nisl arcu iaculis enim, sit amet ornare lectus justo eu arcu. Morbi sit amet massa. Quisque porttitor eros	2020-04-05 08:45:13
131	99	160	lobortis ultrices. Vivamus rhoncus. Donec est. Nunc ullamcorper, velit in aliquet lobortis, nisi nibh lacinia	2020-12-18 08:41:22
132	163	69	enim nec tempus scelerisque, lorem ipsum sodales purus, in molestie tortor nibh sit amet orci. Ut	2022-03-07 09:24:36
133	3	50	in faucibus orci luctus et ultrices posuere cubilia Curae Phasellus ornare. Fusce mollis. Duis sit amet diam eu dolor egestas rhoncus. Proin nisl sem, consequat nec, mollis	2022-05-26 17:04:47
134	159	95	dui nec urna suscipit nonummy. Fusce fermentum fermentum arcu. Vestibulum ante ipsum primis in faucibus orci luctus et ultrices posuere cubilia Curae Phasellus ornare. Fusce mollis. Duis sit amet diam eu dolor egestas rhoncus.	2020-02-08 14:06:39
135	102	142	Mauris eu turpis. Nulla aliquet. Proin velit. Sed malesuada augue ut lacus. Nulla tincidunt, neque vitae semper egestas, urna justo faucibus lectus, a sollicitudin orci sem eget massa. Suspendisse eleifend. Cras sed leo. Cras vehicula	2020-01-30 19:36:11
136	92	18	cursus. Integer mollis. Integer	2020-04-06 19:14:30
137	168	86	nec, diam. Duis mi enim, condimentum eget, volutpat ornare, facilisis eget, ipsum. Donec sollicitudin adipiscing ligula.	2021-03-21 15:18:57
138	156	183	ut, pellentesque eget, dictum placerat, augue. Sed molestie. Sed id risus quis diam luctus lobortis. Class	2022-07-29 14:29:29
139	125	200	nisl. Nulla eu neque pellentesque massa	2021-11-06 05:52:43
140	114	29	consequat auctor, nunc nulla vulputate dui, nec tempus mauris erat eget ipsum. Suspendisse sagittis. Nullam vitae diam. Proin dolor. Nulla	2020-05-09 18:20:58
141	150	147	nec, leo. Morbi neque tellus, imperdiet non, vestibulum nec, euismod in, dolor. Fusce feugiat. Lorem ipsum dolor sit amet, consectetuer adipiscing elit. Aliquam auctor, velit eget laoreet posuere, enim nisl elementum purus, accumsan interdum libero dui	2020-12-24 16:39:12
142	124	11	lorem tristique aliquet. Phasellus fermentum convallis ligula. Donec luctus aliquet odio. Etiam ligula tortor, dictum eu, placerat eget, venenatis a, magna. Lorem ipsum dolor sit amet, consectetuer adipiscing elit. Etiam laoreet, libero et tristique pellentesque,	2020-01-16 03:04:26
143	151	64	tempus risus. Donec egestas. Duis ac arcu. Nunc	2022-08-14 23:50:56
144	120	95	sollicitudin adipiscing ligula. Aenean gravida nunc sed pede. Cum sociis natoque penatibus et magnis dis parturient montes, nascetur ridiculus mus. Proin	2021-01-16 23:41:45
145	163	191	aliquam eros turpis non enim. Mauris quis turpis vitae purus gravida sagittis. Duis gravida. Praesent eu nulla at sem molestie sodales. Mauris blandit enim consequat purus. Maecenas libero est, congue a, aliquet vel, vulputate eu,	2020-12-05 14:24:45
146	181	48	at, egestas a, scelerisque sed, sapien. Nunc pulvinar	2020-06-24 20:10:18
147	44	165	velit. Aliquam nisl. Nulla eu neque pellentesque massa lobortis ultrices. Vivamus rhoncus. Donec est. Nunc ullamcorper, velit in aliquet lobortis, nisi nibh lacinia orci, consectetuer	2020-01-10 15:43:22
148	3	154	nonummy ultricies ornare, elit elit fermentum risus, at fringilla purus mauris a nunc. In at pede. Cras vulputate velit eu sem. Pellentesque ut ipsum ac mi eleifend egestas. Sed pharetra, felis eget varius ultrices,	2021-11-13 11:29:06
149	175	90	dictum. Proin eget odio. Aliquam vulputate ullamcorper magna. Sed	2020-12-18 16:28:35
150	59	17	magna a tortor. Nunc commodo auctor velit. Aliquam nisl. Nulla eu neque pellentesque massa lobortis ultrices. Vivamus rhoncus. Donec est. Nunc ullamcorper, velit in aliquet lobortis, nisi nibh lacinia orci, consectetuer euismod est arcu ac orci. Ut semper pretium neque.	2020-02-18 02:37:15
151	105	87	id nunc interdum feugiat. Sed nec metus facilisis lorem tristique aliquet. Phasellus fermentum convallis ligula. Donec luctus aliquet odio. Etiam ligula tortor, dictum eu, placerat eget, venenatis a, magna. Lorem ipsum dolor sit amet,	2020-08-27 23:29:55
152	41	157	nulla magna, malesuada vel, convallis in, cursus et, eros. Proin ultrices. Duis volutpat nunc sit amet metus. Aliquam erat volutpat. Nulla facilisis. Suspendisse commodo tincidunt nibh. Phasellus nulla. Integer	2021-02-03 04:07:23
153	128	56	Vivamus nisi. Mauris nulla. Integer urna. Vivamus molestie dapibus ligula. Aliquam erat volutpat. Nulla dignissim. Maecenas ornare egestas ligula. Nullam feugiat placerat	2020-07-01 16:44:06
154	193	40	mi eleifend egestas. Sed pharetra, felis eget varius ultrices, mauris ipsum porta elit, a	2020-08-17 02:28:29
155	121	31	nunc id enim. Curabitur massa. Vestibulum accumsan neque et nunc. Quisque ornare tortor at risus. Nunc ac sem ut dolor dapibus gravida. Aliquam tincidunt, nunc ac mattis ornare, lectus ante dictum mi, ac mattis velit	2020-10-01 11:48:11
156	146	124	pharetra nibh. Aliquam ornare, libero at auctor ullamcorper, nisl arcu iaculis enim, sit amet ornare lectus justo eu	2020-07-16 03:37:15
157	36	107	Sed congue, elit sed consequat auctor, nunc nulla vulputate dui, nec tempus mauris erat eget ipsum. Suspendisse sagittis. Nullam vitae diam. Proin dolor. Nulla semper tellus id nunc interdum	2020-04-12 23:33:19
158	35	31	imperdiet ornare. In faucibus. Morbi vehicula. Pellentesque tincidunt tempus risus. Donec egestas. Duis ac arcu. Nunc mauris. Morbi non sapien molestie orci tincidunt adipiscing. Mauris molestie	2021-05-18 00:49:30
159	193	182	convallis ligula. Donec luctus aliquet odio. Etiam ligula tortor, dictum eu, placerat eget, venenatis a, magna. Lorem ipsum dolor sit amet, consectetuer adipiscing elit. Etiam laoreet, libero	2021-03-13 20:26:58
160	149	164	ante ipsum	2020-06-13 23:31:07
161	191	120	Vestibulum ut eros non enim commodo hendrerit. Donec porttitor tellus non magna. Nam ligula elit, pretium et, rutrum non, hendrerit id, ante. Nunc mauris sapien, cursus in, hendrerit consectetuer,	2021-06-24 16:40:08
162	125	133	lorem, auctor quis, tristique ac, eleifend vitae, erat. Vivamus nisi. Mauris nulla. Integer urna. Vivamus	2020-02-09 02:39:56
163	130	99	Quisque imperdiet, erat nonummy ultricies ornare, elit elit fermentum risus, at fringilla purus mauris a nunc. In at pede. Cras vulputate velit eu sem. Pellentesque ut ipsum ac mi eleifend egestas. Sed pharetra, felis eget varius ultrices, mauris ipsum porta	2021-05-08 03:42:43
164	119	17	Nunc mauris elit, dictum eu, eleifend nec, malesuada ut, sem. Nulla interdum. Curabitur dictum. Phasellus in felis. Nulla tempor augue ac ipsum. Phasellus vitae mauris sit amet lorem semper auctor. Mauris vel turpis. Aliquam adipiscing lobortis risus. In mi	2022-08-19 11:38:39
165	160	186	libero. Proin mi. Aliquam gravida mauris ut mi. Duis risus odio, auctor vitae, aliquet nec, imperdiet nec, leo. Morbi neque tellus, imperdiet non, vestibulum nec, euismod in,	2022-09-03 20:54:43
166	44	169	aptent taciti sociosqu ad litora torquent	2020-01-03 06:41:25
167	125	28	ac, eleifend vitae, erat. Vivamus nisi. Mauris nulla. Integer urna. Vivamus molestie dapibus ligula. Aliquam erat volutpat. Nulla dignissim. Maecenas ornare egestas ligula. Nullam feugiat placerat velit. Quisque varius. Nam porttitor scelerisque neque. Nullam nisl. Maecenas	2021-01-18 02:12:36
168	165	37	volutpat. Nulla facilisis. Suspendisse commodo tincidunt nibh. Phasellus nulla. Integer vulputate, risus a ultricies adipiscing, enim mi tempor lorem, eget mollis lectus pede et risus. Quisque libero lacus, varius et, euismod	2020-08-07 14:40:34
169	174	30	neque venenatis lacus. Etiam bibendum fermentum metus. Aenean sed pede nec ante blandit viverra. Donec tempus, lorem fringilla ornare placerat, orci lacus vestibulum lorem, sit amet ultricies sem magna nec quam. Curabitur vel lectus. Cum sociis natoque penatibus	2020-08-16 21:31:52
170	128	186	tellus eu augue porttitor interdum. Sed auctor odio a purus. Duis elementum, dui quis accumsan convallis, ante lectus convallis est, vitae sodales	2020-04-28 21:53:25
171	147	141	vitae, posuere at, velit. Cras lorem lorem, luctus ut, pellentesque eget, dictum placerat, augue. Sed molestie. Sed id	2021-12-16 07:35:16
172	197	36	tellus. Suspendisse sed dolor. Fusce mi lorem, vehicula	2021-07-22 04:36:11
173	85	41	lorem, eget mollis lectus pede et risus. Quisque libero lacus, varius et, euismod et, commodo at, libero. Morbi accumsan laoreet ipsum. Curabitur consequat, lectus sit amet luctus vulputate, nisi	2020-12-29 20:17:12
174	85	66	risus. Donec nibh enim, gravida sit amet, dapibus id, blandit at, nisi. Cum sociis natoque penatibus et magnis dis parturient montes, nascetur ridiculus mus. Proin	2020-02-14 20:53:30
175	99	37	molestie dapibus ligula. Aliquam erat volutpat. Nulla dignissim. Maecenas ornare egestas ligula. Nullam feugiat placerat velit. Quisque varius. Nam porttitor scelerisque	2020-08-31 14:48:39
176	185	137	sit amet	2021-06-22 18:05:55
177	68	110	consequat dolor vitae dolor. Donec	2021-11-15 13:34:30
178	155	140	sodales nisi magna sed dui. Fusce aliquam, enim nec tempus	2020-11-15 06:22:29
179	40	93	orci. Ut sagittis lobortis mauris. Suspendisse	2022-05-13 05:18:29
180	124	1	lobortis ultrices. Vivamus rhoncus. Donec est. Nunc ullamcorper, velit in aliquet lobortis, nisi	2021-09-23 01:39:54
181	125	110	elit, a feugiat tellus lorem eu metus. In lorem. Donec elementum, lorem ut aliquam iaculis, lacus pede sagittis augue, eu tempor erat neque non quam. Pellentesque habitant morbi	2020-10-14 21:59:56
182	168	77	conubia nostra, per inceptos	2021-11-03 05:47:30
183	83	146	adipiscing. Mauris molestie pharetra nibh.	2020-07-23 17:00:31
184	97	144	rutrum lorem ac risus. Morbi metus. Vivamus euismod urna. Nullam lobortis	2021-02-13 08:48:03
185	92	179	amet, consectetuer adipiscing elit. Curabitur sed tortor. Integer aliquam adipiscing lacus. Ut nec urna et arcu imperdiet ullamcorper. Duis at lacus. Quisque purus sapien, gravida non, sollicitudin a, malesuada id, erat. Etiam vestibulum massa rutrum magna. Cras	2021-12-14 21:55:36
186	75	94	turpis nec mauris blandit mattis. Cras eget	2020-01-14 04:12:34
187	173	194	lectus convallis est, vitae sodales nisi magna sed dui. Fusce aliquam, enim nec tempus scelerisque, lorem ipsum sodales purus, in molestie tortor nibh sit amet orci. Ut sagittis lobortis mauris. Suspendisse aliquet molestie tellus. Aenean egestas hendrerit	2020-06-08 21:37:34
188	76	197	nec metus facilisis lorem tristique aliquet. Phasellus fermentum convallis ligula. Donec luctus aliquet odio. Etiam ligula tortor, dictum eu, placerat eget, venenatis a, magna. Lorem ipsum	2020-12-21 06:04:52
189	115	191	Ut tincidunt orci quis lectus. Nullam suscipit, est ac facilisis facilisis, magna tellus faucibus leo, in lobortis tellus justo sit amet nulla. Donec non justo. Proin	2020-10-24 19:34:41
190	30	47	Aenean eget magna. Suspendisse tristique neque venenatis lacus.	2020-01-19 23:45:33
191	7	176	eu, placerat eget, venenatis a, magna. Lorem	2022-05-20 10:22:28
192	4	32	lacus vestibulum lorem, sit amet ultricies sem magna nec	2020-06-09 01:26:29
193	161	130	Maecenas iaculis aliquet diam. Sed diam lorem, auctor quis, tristique ac, eleifend vitae, erat. Vivamus nisi. Mauris	2020-05-20 18:45:57
194	129	169	cursus et, magna. Praesent interdum ligula eu enim. Etiam imperdiet dictum magna. Ut tincidunt orci quis lectus.	2020-10-31 02:58:48
195	186	187	Donec dignissim magna a tortor. Nunc commodo auctor velit. Aliquam	2020-05-20 07:25:42
196	114	78	Nam ac	2021-02-18 01:26:51
197	148	109	nec, malesuada	2021-10-04 10:16:34
198	34	165	orci lobortis augue scelerisque mollis. Phasellus libero	2020-07-12 17:55:28
199	89	144	venenatis vel, faucibus id, libero. Donec consectetuer mauris id sapien. Cras dolor	2020-11-17 05:56:31
200	129	155	egestas ligula. Nullam feugiat placerat velit.	2021-05-19 22:48:56
\.


--
-- Data for Name: groups; Type: TABLE DATA; Schema: public; Owner: gb_user
--

COPY public.groups (id, name, info, main_photo_id, is_open, creator_id, created_at) FROM stdin;
1	Ad Litora Torquent Industries	eu tellus. Phasellus elit pede, malesuada vel, venenatis vel, faucibus id, libero. Donec consectetuer mauris id sapien. Cras dolor	183	t	174	2021-02-04 08:26:33
2	Nisi PC	Phasellus nulla. Integer vulputate, risus a ultricies adipiscing, enim	130	t	116	2021-04-28 02:38:06
3	Integer Eu PC	ligula. Donec luctus aliquet odio. Etiam	184	t	180	2021-09-30 01:28:10
4	Malesuada Vel Convallis Inc.	Phasellus dapibus quam quis diam. Pellentesque habitant morbi tristique senectus et netus et malesuada fames ac turpis egestas. Fusce aliquet	64	f	142	2020-07-20 18:52:42
5	Auctor Non Feugiat Associates	adipiscing. Mauris molestie pharetra nibh. Aliquam ornare,	103	f	71	2021-06-03 00:38:55
6	Dui Cras Pellentesque PC	aliquet lobortis, nisi	34	t	186	2022-04-11 13:53:27
7	Interdum Curabitur Company	non, dapibus rutrum, justo. Praesent luctus. Curabitur egestas nunc sed libero. Proin sed turpis nec mauris blandit	142	t	8	2021-12-29 11:39:33
8	Eu Neque Corporation	enim. Mauris	179	t	70	2020-02-06 04:42:11
9	Dui Suspendisse Ac Foundation	magnis dis parturient montes, nascetur ridiculus mus. Proin vel nisl. Quisque fringilla euismod enim.	123	t	167	2020-11-09 15:24:47
10	Luctus Vulputate Nisi PC	Cum sociis	88	t	97	2021-04-29 19:29:51
11	Adipiscing Lacus Ut Industries	scelerisque scelerisque dui.	81	t	19	2020-01-02 13:14:01
12	Sit Industries	lobortis quis, pede. Suspendisse dui. Fusce diam nunc, ullamcorper eu, euismod ac, fermentum vel, mauris. Integer sem	140	t	64	2020-11-24 03:46:10
13	Velit Sed Malesuada Inc.	a, magna. Lorem ipsum dolor sit amet, consectetuer adipiscing	143	f	103	2022-07-08 23:50:09
14	Euismod Corp.	accumsan convallis, ante lectus convallis est, vitae sodales nisi magna sed dui.	30	t	173	2020-12-02 12:31:27
15	Eu Associates	ridiculus mus. Aenean eget magna. Suspendisse	173	t	121	2020-08-26 19:52:03
16	Fringilla Donec Inc.	convallis convallis dolor. Quisque tincidunt	143	f	187	2020-08-14 07:07:11
17	Metus Aenean Ltd	enim, gravida sit amet, dapibus id, blandit at, nisi. Cum sociis natoque penatibus et	58	f	72	2022-05-22 09:09:52
18	Justo Praesent Luctus Corporation	tincidunt orci quis lectus.	126	t	134	2020-12-31 11:11:16
19	Aliquam Enim PC	in, hendrerit consectetuer, cursus et, magna. Praesent interdum	171	f	172	2022-08-08 02:42:51
20	Pulvinar Arcu LLC	vulputate ullamcorper magna. Sed eu eros. Nam consequat	96	f	74	2021-02-17 06:42:20
21	Aliquam Eros Institute	at augue	192	t	112	2022-02-27 04:20:02
22	Et Magna Limited	euismod mauris eu elit. Nulla facilisi. Sed neque. Sed eget lacus. Mauris non dui nec urna suscipit nonummy. Fusce fermentum	192	t	30	2020-11-04 12:22:12
23	Praesent Luctus Curabitur Industries	fermentum fermentum arcu. Vestibulum ante ipsum primis in faucibus orci luctus et	13	t	163	2020-06-17 10:23:26
24	Tempus Risus LLC	tellus, imperdiet non, vestibulum nec, euismod in, dolor. Fusce feugiat. Lorem ipsum dolor sit	86	f	92	2021-04-05 13:16:14
25	Eget Corp.	parturient montes, nascetur ridiculus mus.	23	t	10	2022-01-18 06:25:38
26	Nibh Quisque Incorporated	Duis risus odio, auctor vitae, aliquet nec, imperdiet nec, leo. Morbi neque tellus, imperdiet non, vestibulum nec, euismod	110	f	69	2021-08-19 03:58:49
27	Egestas Aliquam Associates	iaculis enim, sit amet ornare lectus justo eu arcu. Morbi sit amet massa. Quisque porttitor	158	f	17	2021-09-10 01:54:56
28	Consectetuer Cursus Et Inc.	magnis dis parturient montes, nascetur ridiculus mus. Aenean eget magna. Suspendisse tristique neque venenatis	34	f	158	2020-05-24 10:19:59
29	Dui Quis LLP	Vestibulum accumsan neque et nunc. Quisque ornare tortor at risus. Nunc ac sem ut dolor dapibus gravida. Aliquam tincidunt,	12	f	177	2022-06-16 01:26:56
30	Orci Tincidunt Foundation	convallis ligula. Donec luctus aliquet odio. Etiam ligula tortor, dictum eu, placerat eget, venenatis	140	f	188	2021-10-31 08:01:49
31	Purus Incorporated	eu arcu. Morbi sit amet massa.	116	f	181	2020-06-21 06:22:30
32	Tellus Lorem Foundation	ut aliquam iaculis, lacus pede sagittis augue, eu tempor erat neque non quam. Pellentesque habitant morbi	3	t	45	2021-12-05 14:46:58
33	Sapien Ltd	lacinia. Sed congue, elit sed consequat auctor, nunc nulla vulputate dui, nec tempus mauris erat eget ipsum. Suspendisse sagittis.	153	f	154	2021-06-08 22:14:59
34	Fringilla Mi Associates	odio tristique pharetra. Quisque ac libero nec ligula	141	f	96	2021-10-28 00:31:21
35	Quam Vel Foundation	et malesuada fames ac turpis egestas. Aliquam fringilla cursus purus. Nullam	121	t	158	2022-02-12 11:10:37
36	Proin Sed Corporation	Donec est. Nunc ullamcorper,	2	f	94	2022-06-21 05:30:31
37	Pede Et Incorporated	mauris. Integer sem elit, pharetra ut, pharetra sed,	185	t	49	2020-10-03 20:40:07
38	Quis Corporation	est arcu ac orci. Ut semper pretium neque. Morbi quis urna. Nunc quis arcu vel quam	89	f	107	2021-11-19 22:33:41
39	Lorem Corporation	posuere, enim nisl	137	f	80	2021-06-30 05:14:16
40	Sed Leo Cras Industries	pede. Nunc sed orci lobortis augue scelerisque mollis. Phasellus libero mauris, aliquam eu, accumsan sed, facilisis vitae, orci. Phasellus	59	f	33	2020-01-30 23:10:05
41	In Institute	eget tincidunt dui augue eu tellus. Phasellus elit pede, malesuada vel, venenatis vel,	189	f	117	2022-04-21 15:56:54
42	Morbi Tristique LLC	orci. Ut sagittis lobortis mauris.	67	t	66	2020-09-12 19:00:31
43	Ut Nisi PC	nisl. Quisque fringilla euismod enim. Etiam gravida molestie arcu. Sed eu nibh vulputate mauris	168	f	61	2022-02-07 16:32:19
44	Metus Inc.	libero. Donec consectetuer mauris id sapien. Cras dolor dolor, tempus non, lacinia at, iaculis quis, pede. Praesent	39	f	96	2021-11-30 20:05:22
45	Non Associates	eget ipsum. Suspendisse sagittis. Nullam vitae	134	f	168	2020-04-16 13:07:39
46	Sed Corporation	vitae dolor. Donec	8	f	184	2022-01-01 14:43:01
47	Fusce Diam LLP	tempus mauris erat eget ipsum. Suspendisse sagittis. Nullam vitae diam. Proin dolor. Nulla	47	t	76	2022-04-29 00:26:32
48	Metus Institute	erat. Sed nunc est,	147	f	22	2021-11-17 01:58:32
49	Mauris Eu PC	at auctor	57	t	197	2021-05-17 07:55:03
50	Neque Et Nunc Inc.	et, magna. Praesent interdum ligula eu enim. Etiam imperdiet dictum magna.	36	t	118	2020-10-05 20:55:40
51	Mus Associates	pulvinar arcu et pede. Nunc sed orci lobortis augue scelerisque mollis. Phasellus	181	f	101	2020-05-09 06:28:44
52	Neque Et Corporation	lacus. Quisque imperdiet, erat nonummy ultricies ornare, elit	63	f	7	2022-08-03 12:23:38
53	Euismod Ac Fermentum Institute	et netus et malesuada fames ac turpis egestas. Fusce	93	f	131	2022-03-02 21:00:48
54	Felis Nulla Tempor Incorporated	varius orci, in	17	f	190	2022-03-10 15:00:39
55	Vulputate Industries	eu elit. Nulla facilisi. Sed neque. Sed eget lacus. Mauris non dui nec urna suscipit nonummy. Fusce fermentum	175	t	123	2021-02-05 04:43:13
56	Ut Semper Associates2	Donec tincidunt.	119	t	182	2020-06-03 13:27:02
57	Facilisis Associates	non dui nec urna suscipit nonummy. Fusce fermentum fermentum arcu.	65	t	196	2020-08-16 01:03:32
58	Phasellus Ornare Limited	vulputate, posuere vulputate, lacus. Cras interdum. Nunc	114	f	116	2022-04-28 11:06:06
59	Orci Ut LLP	eros. Nam consequat	136	t	57	2022-06-23 09:02:45
60	Nisi Sem Inc.	amet lorem semper auctor. Mauris vel turpis. Aliquam adipiscing lobortis risus. In mi pede, nonummy ut,	28	f	70	2020-10-31 07:19:26
61	Semper Rutrum Ltd	dolor elit, pellentesque a, facilisis	186	t	111	2022-01-18 14:34:36
62	Facilisis Limited	odio vel est tempor bibendum. Donec felis orci, adipiscing	47	t	176	2022-05-04 17:55:48
63	Nullam Scelerisque PC	tellus eu augue porttitor interdum. Sed auctor odio a purus. Duis elementum, dui quis accumsan convallis, ante lectus convallis	147	t	189	2022-06-14 21:22:16
64	Pede Limited	lorem tristique aliquet. Phasellus fermentum convallis ligula. Donec luctus aliquet odio. Etiam ligula tortor, dictum eu, placerat eget, venenatis	130	t	18	2021-12-12 09:01:35
65	Sem Molestie PC	malesuada augue	94	f	30	2021-11-10 13:53:49
66	Magnis Dis LLP	Sed eget lacus. Mauris non dui nec urna	141	f	159	2020-02-21 18:29:49
67	Amet Faucibus Industries	molestie in, tempus eu, ligula. Aenean euismod mauris eu elit. Nulla facilisi. Sed neque.	10	t	38	2021-06-02 02:03:24
68	Curabitur Sed Foundation	ultricies ligula. Nullam enim.	100	t	58	2020-06-11 00:37:18
69	Sagittis Ltd	enim. Sed nulla ante, iaculis nec, eleifend non, dapibus rutrum, justo. Praesent	60	t	56	2020-01-08 17:43:10
70	Nulla Facilisi PC	nec urna suscipit nonummy. Fusce fermentum fermentum arcu. Vestibulum ante ipsum primis in faucibus orci luctus et ultrices posuere	35	t	76	2022-04-30 21:17:56
71	Molestie Corporation	sapien molestie orci tincidunt adipiscing. Mauris molestie pharetra nibh. Aliquam ornare, libero at auctor ullamcorper, nisl	143	t	35	2020-12-02 14:25:34
72	At Libero LLP	Integer tincidunt aliquam arcu. Aliquam ultrices iaculis odio.	16	t	149	2022-02-06 05:40:07
73	Et Malesuada Associates	elementum at, egestas a, scelerisque sed, sapien. Nunc pulvinar	30	t	176	2020-04-09 18:09:02
74	In Lobortis Incorporated	Etiam ligula tortor, dictum eu, placerat eget, venenatis a, magna. Lorem ipsum dolor sit	110	t	23	2020-11-11 09:31:21
75	Justo Nec LLP	montes, nascetur ridiculus mus. Donec dignissim magna a tortor. Nunc commodo auctor velit. Aliquam nisl. Nulla	87	f	20	2022-06-11 00:06:34
76	Vitae Posuere At Industries	eu odio tristique pharetra. Quisque ac libero nec ligula consectetuer rhoncus. Nullam velit dui, semper et, lacinia vitae,	113	f	138	2020-12-30 21:55:25
77	Sed Dictum Eleifend Ltd	turpis. Aliquam adipiscing lobortis risus. In mi pede, nonummy ut, molestie in, tempus eu, ligula. Aenean euismod mauris eu elit.	71	t	68	2021-09-02 11:38:14
78	Dolor Vitae Dolor Industries	ipsum nunc id enim. Curabitur massa. Vestibulum accumsan neque et nunc. Quisque ornare tortor at	68	f	23	2020-06-20 12:44:51
79	Donec Est Nunc PC	pede. Cras vulputate velit eu sem. Pellentesque ut	36	f	48	2021-06-20 12:16:22
80	A Corp.	hendrerit id, ante. Nunc mauris sapien,	148	f	37	2021-05-30 19:28:48
81	Diam Vel Arcu Incorporated	tempus, lorem fringilla ornare placerat, orci lacus vestibulum lorem, sit amet ultricies sem magna nec quam. Curabitur vel lectus.	20	f	142	2021-08-02 01:42:26
82	Viverra PC	dictum mi, ac	52	t	98	2020-03-19 08:34:09
83	Justo Sit Amet LLC	massa non ante bibendum ullamcorper.	170	f	33	2021-11-05 00:51:53
84	Cum Sociis Natoque Associates	mollis. Duis sit amet diam	131	t	21	2021-07-30 04:23:20
85	Non Bibendum Sed Company	aliquam arcu. Aliquam ultrices iaculis odio. Nam interdum enim non nisi. Aenean eget metus. In nec orci.	86	t	73	2021-03-28 20:29:13
86	Magna Suspendisse Corp.	purus gravida sagittis. Duis gravida. Praesent eu nulla at sem molestie sodales.	153	f	42	2022-06-09 05:33:49
87	Mauris Id Sapien Foundation	nulla. Cras eu tellus eu augue porttitor interdum. Sed auctor odio a purus. Duis elementum, dui quis accumsan convallis,	156	f	29	2022-07-07 08:00:59
88	Ac Nulla LLC	ullamcorper, velit in aliquet lobortis, nisi nibh lacinia orci, consectetuer euismod est arcu ac	68	f	149	2021-03-22 01:59:39
89	Donec Nibh Corp.	Etiam vestibulum massa rutrum magna. Cras convallis convallis dolor. Quisque tincidunt	104	f	150	2020-09-06 13:41:49
90	Vivamus Corp.	In faucibus. Morbi vehicula. Pellentesque tincidunt tempus risus. Donec egestas. Duis ac arcu. Nunc mauris. Morbi	51	f	149	2022-02-08 17:04:30
91	Magnis Dis Parturient Corp.	sed leo. Cras vehicula aliquet libero. Integer in magna. Phasellus dolor elit, pellentesque a,	150	f	132	2021-05-12 07:59:48
92	Iaculis Lacus Limited	eu odio tristique pharetra. Quisque ac libero nec ligula consectetuer rhoncus. Nullam velit dui, semper et, lacinia	135	f	157	2020-11-08 16:23:36
93	Aliquam Foundation	dictum magna. Ut	15	t	83	2021-10-19 22:14:22
94	Donec Est Mauris PC	Vivamus rhoncus. Donec est. Nunc	95	f	170	2021-02-17 17:01:23
95	Ornare Elit Elit Consulting	augue ut lacus. Nulla tincidunt, neque vitae semper egestas, urna justo faucibus lectus, a	23	t	86	2022-08-23 00:30:33
96	Ornare Sagittis Institute	bibendum. Donec felis orci, adipiscing	33	t	196	2021-11-02 23:12:25
97	Posuere At Velit Associates	in	138	f	78	2020-10-21 06:36:28
98	Donec Industries	lacus. Aliquam rutrum lorem ac risus. Morbi metus. Vivamus euismod	84	t	162	2020-04-14 07:43:06
99	Montes Nascetur Limited	ac libero nec ligula consectetuer rhoncus.	130	f	17	2021-12-28 12:50:10
100	Est Nunc Corp.	tempor arcu. Vestibulum ut eros non enim commodo hendrerit. Donec porttitor tellus non magna. Nam ligula elit,	55	t	148	2022-04-26 23:28:46
101	Pharetra Ut Pharetra Foundation	tincidunt, nunc ac mattis ornare, lectus ante	165	t	139	2022-07-04 22:44:46
102	Et Consulting	lobortis quis, pede. Suspendisse dui. Fusce diam nunc, ullamcorper eu, euismod ac, fermentum vel, mauris. Integer sem elit,	5	f	135	2022-06-17 04:03:45
103	Sapien Corp.	mi tempor lorem, eget mollis lectus pede et risus. Quisque libero lacus, varius et, euismod et,	37	f	122	2020-06-28 07:24:17
104	Tempus Risus LLC2	ligula elit, pretium et, rutrum non, hendrerit id, ante. Nunc mauris sapien, cursus	11	t	63	2022-04-15 05:02:20
105	In Dolor Company	facilisis non, bibendum sed, est. Nunc laoreet lectus quis massa.	172	t	21	2020-12-10 06:30:36
106	Hymenaeos Mauris Industries	ante lectus convallis est, vitae sodales nisi magna sed dui. Fusce	157	f	164	2022-07-14 19:18:49
107	Ut Lacus LLC	eu eros. Nam consequat dolor vitae dolor. Donec fringilla. Donec feugiat metus sit amet	134	t	61	2021-03-07 10:54:51
108	Suspendisse Sagittis Consulting	enim. Mauris quis turpis vitae	38	f	31	2020-09-17 00:55:05
109	Malesuada Id PC	sed dolor. Fusce mi lorem, vehicula et, rutrum eu, ultrices sit amet, risus. Donec nibh enim, gravida sit amet,	155	f	114	2022-03-03 16:09:14
110	Et Corporation	Nunc ullamcorper, velit in aliquet	98	t	125	2022-05-16 02:32:10
111	Tristique Aliquet Phasellus Ltd	Nullam vitae diam. Proin dolor. Nulla semper tellus id nunc interdum feugiat. Sed nec metus facilisis	143	t	164	2021-12-07 16:27:02
112	Ac Risus Morbi Incorporated	libero lacus, varius et, euismod et, commodo at, libero. Morbi accumsan laoreet ipsum. Curabitur	128	t	93	2020-09-17 06:54:56
113	Bibendum Donec Ltd	fermentum risus, at fringilla purus mauris a nunc. In at pede. Cras vulputate	56	f	161	2022-02-02 14:18:10
114	Vulputate Nisi Corporation	porta elit, a feugiat	136	f	160	2022-01-03 11:48:23
115	Metus Facilisis Corp.	hendrerit. Donec porttitor tellus non magna. Nam ligula elit,	3	t	89	2021-03-23 12:33:41
116	Quis Urna LLC	ipsum nunc id enim. Curabitur massa. Vestibulum	25	f	66	2022-02-07 00:12:53
117	Orci Ut Semper Industries	magna. Phasellus dolor elit, pellentesque a, facilisis non, bibendum sed, est. Nunc laoreet lectus quis massa. Mauris	21	f	149	2021-09-08 06:06:18
118	Varius LLP	Praesent interdum ligula eu enim. Etiam imperdiet dictum magna. Ut tincidunt orci quis lectus. Nullam suscipit, est ac facilisis facilisis,	153	f	81	2020-09-13 04:51:59
119	Sit Amet Institute	Fusce aliquam, enim nec tempus scelerisque, lorem ipsum sodales purus, in molestie	196	t	182	2022-03-17 13:07:00
120	Class Foundation	orci sem eget	16	t	48	2020-11-11 14:32:03
121	Lorem Ipsum Dolor LLP	morbi tristique senectus et netus et	48	t	109	2021-07-18 14:43:35
122	Leo In Lobortis PC	est. Nunc	35	t	145	2021-12-12 05:08:08
123	Aliquet Institute	mi fringilla mi lacinia mattis.	169	t	40	2021-09-10 14:47:08
124	Senectus Et Ltd	eu tempor erat neque non quam. Pellentesque habitant morbi tristique senectus et netus et malesuada fames ac turpis	52	t	38	2022-07-29 16:43:49
125	Lorem Ipsum Limited	et, eros. Proin ultrices. Duis volutpat nunc sit amet metus. Aliquam erat volutpat. Nulla facilisis. Suspendisse commodo tincidunt nibh.	81	f	184	2020-12-04 21:15:16
126	Vel Arcu Eu Foundation	metus. In nec orci. Donec nibh. Quisque	9	f	89	2021-03-25 15:05:20
127	In Consectetuer Ltd	rutrum. Fusce dolor quam, elementum at,	166	f	123	2021-06-01 22:40:46
128	Integer Tincidunt Aliquam Inc.	mollis lectus pede et risus. Quisque libero lacus, varius et, euismod et, commodo	20	f	13	2021-03-27 15:44:17
129	Consectetuer PC	ac risus. Morbi metus. Vivamus euismod urna. Nullam lobortis quam	20	f	117	2020-04-07 03:29:08
130	Ac Mattis Semper Institute	in consequat enim diam vel arcu. Curabitur ut	41	f	163	2022-01-24 02:07:29
131	Etiam Vestibulum Massa PC	est, mollis non, cursus non,	112	f	120	2021-12-28 14:55:14
132	Nullam Enim Sed LLC	Aliquam nec enim. Nunc ut erat. Sed nunc est,	49	t	54	2022-06-23 23:07:05
133	Turpis Nulla Incorporated	adipiscing elit. Curabitur sed tortor. Integer aliquam adipiscing lacus. Ut nec urna et arcu imperdiet ullamcorper. Duis	90	f	172	2020-03-02 00:05:38
134	Erat Volutpat Ltd	sed sem egestas blandit. Nam nulla magna, malesuada vel, convallis in, cursus et, eros. Proin ultrices.	80	f	167	2021-09-16 01:57:31
135	At Ltd	aliquet, metus urna convallis erat, eget tincidunt dui augue eu tellus. Phasellus elit pede,	70	f	136	2020-09-16 14:04:48
136	Ligula Consectetuer Institute	non, sollicitudin a, malesuada id, erat. Etiam vestibulum	103	f	44	2021-10-12 05:51:25
137	Risus Odio Auctor LLC	nonummy ac, feugiat non, lobortis quis, pede. Suspendisse dui. Fusce diam nunc, ullamcorper eu, euismod ac, fermentum vel,	50	f	182	2022-08-24 20:38:26
138	Ac Mattis LLP	tempus mauris erat eget ipsum. Suspendisse sagittis. Nullam vitae diam.	65	t	92	2020-07-31 22:07:01
139	Enim Condimentum Eget Institute	nec ligula consectetuer rhoncus. Nullam	136	t	15	2020-03-21 03:22:18
140	Congue A LLP	libero. Donec consectetuer mauris id sapien. Cras	106	t	137	2020-05-15 13:05:11
141	Nonummy Fusce Industries	vel sapien imperdiet ornare. In faucibus. Morbi vehicula. Pellentesque tincidunt tempus risus. Donec egestas. Duis ac arcu.	34	t	41	2020-08-05 11:27:06
142	Ut Semper Associates	tempus mauris erat eget ipsum. Suspendisse sagittis. Nullam vitae diam. Proin dolor. Nulla semper tellus id nunc	69	t	107	2020-11-11 00:58:39
143	Vel Faucibus Company	magnis dis parturient	161	f	13	2020-07-21 07:17:31
144	Tortor Integer Aliquam Institute	ut, nulla. Cras	70	t	79	2020-01-30 09:59:15
145	Magna Malesuada Limited	tempus eu, ligula. Aenean euismod mauris	106	f	21	2022-01-30 03:12:16
146	Dolor Elit Associates	nec, cursus a, enim. Suspendisse aliquet, sem	66	f	96	2022-07-27 07:15:08
147	Sapien Cursus Company	Sed nec metus facilisis	94	f	189	2020-05-21 05:14:35
148	Ac Mi Eleifend Inc.	vitae diam.	186	f	26	2020-07-26 08:00:31
149	Est Consulting	dolor sit amet, consectetuer adipiscing elit. Curabitur sed tortor. Integer	12	t	179	2020-07-23 08:27:25
150	Malesuada Vel Foundation	eros. Proin ultrices. Duis volutpat nunc sit amet metus. Aliquam erat volutpat. Nulla facilisis. Suspendisse commodo tincidunt nibh.	158	t	196	2020-05-14 19:57:21
151	Ipsum Curabitur Limited	primis in faucibus orci luctus et ultrices posuere cubilia Curae Phasellus ornare. Fusce	111	f	40	2020-12-19 17:02:46
152	Gravida Molestie Inc.	et ultrices posuere cubilia Curae Phasellus ornare. Fusce	197	t	77	2020-05-09 01:19:41
153	Amet Metus Foundation	Nulla	39	t	174	2021-01-20 23:12:57
154	Sit Amet Luctus Incorporated	id magna et ipsum cursus vestibulum. Mauris magna. Duis dignissim tempor arcu.	7	t	64	2021-06-19 20:18:12
155	Orci Luctus Corp.	vel, venenatis vel, faucibus id, libero. Donec consectetuer mauris id sapien. Cras dolor dolor, tempus non, lacinia	169	t	7	2020-05-12 00:56:17
156	Dui Associates	eget mollis lectus pede et risus. Quisque libero lacus, varius et,	171	t	115	2022-02-03 03:42:35
157	Quam Dignissim Corporation	Sed id risus quis diam luctus lobortis. Class aptent taciti sociosqu ad litora torquent per	192	f	167	2022-01-23 23:15:19
158	Mauris Sit Amet Associates	nunc. Quisque ornare tortor at risus. Nunc ac	65	t	48	2021-01-23 23:00:20
159	Vitae Purus LLP	consectetuer adipiscing elit. Aliquam auctor, velit	176	f	142	2020-08-13 16:00:40
160	Volutpat Nunc Limited	lectus pede et risus. Quisque libero lacus,	113	t	41	2021-09-02 23:43:29
161	Nulla PC	lectus pede, ultrices a, auctor non, feugiat nec, diam. Duis mi enim, condimentum eget, volutpat	70	t	59	2020-08-21 13:33:21
162	Cras Interdum LLP	elementum, dui quis accumsan convallis, ante	157	t	193	2021-07-30 11:11:36
163	Dictum Placerat Augue Corporation	iaculis quis, pede. Praesent eu dui. Cum sociis natoque penatibus et magnis dis parturient montes, nascetur ridiculus mus.	30	f	196	2022-01-26 10:58:34
164	Pellentesque Associates	taciti sociosqu ad litora torquent per conubia	80	t	69	2022-08-31 01:48:59
165	Fames Ac LLP	nulla magna, malesuada vel, convallis in, cursus et, eros. Proin ultrices.	93	t	158	2020-03-30 15:50:59
166	Egestas LLC	nulla	8	t	98	2020-01-08 00:24:43
167	Augue Ut Industries	vel, faucibus id,	143	f	67	2021-01-23 23:22:48
168	Vulputate Velit Eu Corp.	quis diam. Pellentesque habitant morbi tristique	38	f	64	2022-08-17 22:13:38
169	Id Blandit At Industries	mollis. Integer tincidunt aliquam	179	f	155	2020-03-20 10:28:56
170	Amet Massa Associates	mauris eu elit. Nulla facilisi.	53	t	77	2021-04-08 02:18:34
171	Tempus Non LLC	pretium et, rutrum non,	197	t	52	2021-11-12 01:40:08
172	Sed Turpis Institute	non, egestas a, dui.	161	f	168	2021-03-27 04:59:45
173	Aliquam Tincidunt Industries	venenatis vel, faucibus id, libero.	168	f	57	2022-02-09 20:06:56
174	Donec Tempus Lorem Limited	amet, risus. Donec nibh enim, gravida sit amet, dapibus id, blandit at, nisi. Cum sociis	167	f	131	2021-07-11 05:59:18
175	Feugiat Tellus Lorem Corporation	Sed nulla ante, iaculis nec, eleifend non, dapibus rutrum, justo. Praesent luctus. Curabitur egestas nunc sed	21	f	72	2020-11-29 06:54:19
176	Fermentum Fermentum Industries	elementum at, egestas a, scelerisque sed, sapien. Nunc pulvinar arcu	125	f	50	2021-08-13 08:14:05
177	Nisl Elementum Purus Foundation	amet orci. Ut sagittis lobortis mauris. Suspendisse aliquet molestie tellus. Aenean egestas	64	t	197	2021-08-22 05:04:12
178	Pellentesque Limited	placerat, orci lacus vestibulum lorem, sit amet ultricies sem magna nec quam. Curabitur	174	t	13	2020-06-02 03:37:27
179	Orci Consulting	ornare egestas ligula. Nullam feugiat placerat velit. Quisque varius. Nam porttitor scelerisque neque.	41	t	72	2020-12-12 11:10:11
180	Per Conubia Nostra Foundation	nibh sit amet orci. Ut sagittis	83	f	106	2020-04-15 18:09:10
181	Augue LLC	lobortis, nisi nibh lacinia orci, consectetuer euismod est arcu ac orci. Ut semper	125	t	22	2021-03-13 10:45:37
182	Dapibus Rutrum Foundation	enim. Nunc ut erat. Sed nunc est, mollis non,	26	t	36	2020-03-30 19:06:48
183	At Nisi Consulting	Nulla eu neque pellentesque massa	138	f	54	2020-02-08 15:18:09
184	Egestas LLP	est. Nunc ullamcorper, velit in aliquet lobortis, nisi nibh lacinia orci, consectetuer	143	f	168	2021-05-30 04:45:57
185	Et Pede Foundation	luctus. Curabitur egestas nunc sed libero. Proin sed turpis	137	f	17	2020-08-31 21:04:52
186	Mauris Company	ante blandit viverra. Donec tempus,	137	f	165	2022-06-18 10:21:31
187	Magnis Dis Limited	tellus non magna. Nam ligula elit, pretium et, rutrum	66	t	43	2020-11-08 20:03:36
188	Sociis Limited	sapien. Cras dolor dolor, tempus non, lacinia at,	166	t	10	2020-05-04 17:40:28
189	Sem Molestie LLC	tincidunt tempus risus. Donec egestas. Duis ac arcu. Nunc mauris. Morbi non sapien molestie orci tincidunt adipiscing.	49	f	38	2021-12-09 06:52:14
190	Tincidunt Aliquam Incorporated	semper rutrum. Fusce dolor quam, elementum at, egestas a, scelerisque	95	f	157	2021-01-10 10:41:57
191	Metus Urna Inc.	libero est, congue a, aliquet vel, vulputate eu, odio. Phasellus at augue id ante dictum cursus.	124	f	105	2020-11-27 23:45:22
192	Sodales Purus Institute	ipsum dolor	113	f	194	2021-05-17 00:10:29
193	Erat Etiam Corporation	lectus, a sollicitudin orci sem eget massa. Suspendisse	109	t	40	2020-06-11 20:28:44
194	Consectetuer Mauris Id Industries	eu tempor erat neque non quam. Pellentesque habitant morbi tristique senectus et	154	f	157	2022-09-01 06:23:51
195	Velit Dui Semper Company	at lacus.	182	t	10	2021-05-25 20:08:11
196	Consectetuer Adipiscing Foundation	metus urna convallis erat, eget tincidunt dui augue eu tellus. Phasellus elit	140	f	97	2021-02-25 08:46:01
197	A Sollicitudin Industries	sapien, gravida non, sollicitudin a, malesuada id, erat. Etiam	124	f	196	2020-01-28 08:06:41
198	Non Dui Nec Institute	sit amet, faucibus ut, nulla. Cras eu tellus eu augue porttitor interdum. Sed auctor	67	f	86	2022-04-01 20:30:48
199	Imperdiet Ornare Associates	ante blandit viverra. Donec tempus, lorem fringilla ornare placerat, orci lacus vestibulum lorem, sit amet ultricies sem magna	185	t	133	2020-09-13 21:20:53
200	Diam At LLP	posuere cubilia Curae	79	t	102	2022-01-19 21:39:25
\.


--
-- Data for Name: groups_messages; Type: TABLE DATA; Schema: public; Owner: gb_user
--

COPY public.groups_messages (id, from_user_id, group_id, status_id, body, created_at) FROM stdin;
1	198	121	3	Fusce dolor quam, elementum at, egestas a, scelerisque sed, sapien. Nunc pulvinar arcu et pede. Nunc sed orci lobortis augue scelerisque mollis. Phasellus libero mauris, aliquam eu, accumsan sed, facilisis vitae, orci. Phasellus	2020-10-10 01:51:01
2	66	128	1	Duis mi enim, condimentum eget, volutpat ornare, facilisis eget, ipsum. Donec sollicitudin adipiscing ligula. Aenean gravida nunc sed pede. Cum sociis natoque penatibus et magnis dis parturient montes, nascetur ridiculus mus. Proin vel arcu eu odio tristique pharetra. Quisque ac libero nec ligula consectetuer rhoncus. Nullam velit	2022-05-04 02:50:59
3	63	199	2	magna nec quam. Curabitur vel lectus. Cum	2020-09-16 03:14:17
4	163	91	2	dui lectus rutrum urna, nec luctus felis purus ac tellus. Suspendisse sed dolor. Fusce mi lorem, vehicula et, rutrum eu, ultrices sit amet, risus. Donec nibh enim, gravida sit amet, dapibus id, blandit at, nisi. Cum sociis natoque penatibus et magnis dis parturient montes, nascetur ridiculus mus.	2020-08-06 04:37:55
5	177	192	2	pellentesque massa lobortis ultrices. Vivamus rhoncus. Donec est. Nunc ullamcorper, velit in aliquet lobortis, nisi nibh lacinia orci, consectetuer euismod est arcu ac orci. Ut semper pretium neque. Morbi quis urna. Nunc quis arcu vel quam dignissim pharetra. Nam ac nulla. In tincidunt congue turpis. In condimentum. Donec at	2020-11-17 23:29:56
6	50	74	1	nec tempus mauris erat eget ipsum. Suspendisse sagittis. Nullam vitae diam. Proin dolor. Nulla semper tellus id nunc interdum feugiat. Sed nec metus facilisis lorem tristique aliquet.	2021-04-16 11:47:12
7	117	141	2	tellus. Nunc lectus pede, ultrices a, auctor non, feugiat nec, diam. Duis mi enim, condimentum eget, volutpat ornare,	2020-05-19 07:34:17
8	172	72	3	ut ipsum ac mi eleifend egestas. Sed pharetra, felis eget varius ultrices, mauris ipsum porta elit, a feugiat tellus lorem eu metus. In lorem. Donec elementum, lorem ut aliquam iaculis, lacus pede sagittis augue, eu tempor erat neque non quam. Pellentesque habitant morbi tristique senectus et netus et malesuada fames ac turpis egestas.	2021-11-15 13:23:30
9	149	170	2	sem. Pellentesque ut ipsum ac mi eleifend egestas. Sed pharetra, felis eget varius ultrices, mauris ipsum porta elit, a feugiat tellus lorem eu metus. In lorem. Donec elementum,	2022-04-11 05:28:43
10	24	40	1	nisi magna sed dui. Fusce aliquam, enim nec tempus scelerisque, lorem ipsum sodales purus, in molestie tortor	2022-04-29 02:54:02
11	93	25	3	Suspendisse commodo tincidunt nibh. Phasellus nulla. Integer vulputate, risus a ultricies adipiscing, enim mi tempor lorem, eget mollis lectus pede et risus. Quisque libero lacus, varius et, euismod et, commodo at, libero. Morbi accumsan laoreet ipsum. Curabitur consequat, lectus sit amet luctus vulputate, nisi sem semper erat, in consectetuer	2022-06-29 16:17:00
12	38	2	2	Phasellus dapibus quam quis diam. Pellentesque habitant morbi tristique senectus et netus et malesuada fames ac turpis egestas. Fusce aliquet magna a neque. Nullam ut nisi a odio semper cursus. Integer mollis. Integer tincidunt aliquam	2021-02-16 05:19:50
13	194	193	1	non, lobortis quis, pede. Suspendisse dui. Fusce diam nunc, ullamcorper eu, euismod ac, fermentum vel, mauris. Integer sem elit, pharetra ut, pharetra sed, hendrerit a, arcu. Sed et libero. Proin	2022-01-03 21:42:58
14	109	92	2	Aliquam vulputate ullamcorper magna. Sed eu eros. Nam consequat dolor vitae dolor. Donec fringilla. Donec feugiat	2021-01-14 13:31:49
15	100	191	2	ut nisi a odio semper cursus. Integer mollis. Integer tincidunt aliquam arcu. Aliquam ultrices iaculis odio. Nam interdum enim non nisi. Aenean eget metus. In nec orci. Donec nibh.	2021-05-24 06:56:19
16	145	177	2	Duis volutpat nunc sit amet metus. Aliquam erat volutpat. Nulla facilisis. Suspendisse commodo tincidunt nibh. Phasellus nulla. Integer vulputate, risus a ultricies adipiscing, enim mi tempor lorem,	2021-03-09 13:56:03
17	167	145	2	dolor. Nulla semper tellus id nunc interdum feugiat. Sed nec metus facilisis lorem tristique aliquet. Phasellus fermentum convallis ligula. Donec luctus aliquet	2021-11-17 12:43:42
18	100	159	2	diam eu dolor egestas rhoncus.	2021-01-20 13:08:09
19	41	198	2	pede. Praesent eu dui. Cum sociis natoque penatibus et magnis dis parturient montes, nascetur ridiculus mus. Aenean eget magna. Suspendisse tristique neque venenatis lacus. Etiam bibendum fermentum metus. Aenean sed pede nec ante blandit viverra. Donec tempus, lorem fringilla ornare placerat, orci lacus vestibulum lorem, sit amet ultricies	2020-03-02 00:24:18
20	37	43	1	erat volutpat. Nulla dignissim. Maecenas ornare egestas ligula. Nullam feugiat placerat velit. Quisque varius. Nam porttitor scelerisque neque. Nullam nisl.	2021-02-11 21:55:53
21	23	51	2	risus. Duis a	2021-07-16 22:16:06
22	89	196	2	ultrices. Vivamus rhoncus. Donec est. Nunc ullamcorper, velit in aliquet lobortis, nisi nibh lacinia orci, consectetuer euismod est arcu ac orci. Ut semper pretium neque. Morbi quis urna. Nunc quis arcu vel quam dignissim pharetra. Nam ac nulla. In tincidunt congue turpis. In condimentum. Donec at arcu. Vestibulum	2021-07-06 21:55:45
23	144	92	3	orci. Ut semper pretium neque. Morbi quis urna. Nunc quis arcu vel	2021-04-28 18:01:13
24	137	118	2	malesuada id, erat. Etiam vestibulum massa rutrum magna. Cras convallis convallis dolor. Quisque tincidunt pede ac urna. Ut tincidunt vehicula risus. Nulla eget metus eu erat semper rutrum. Fusce dolor quam, elementum at, egestas a, scelerisque sed, sapien. Nunc pulvinar	2020-02-07 05:54:04
25	87	115	1	at arcu. Vestibulum ante ipsum primis in faucibus orci luctus et ultrices posuere cubilia Curae Donec tincidunt. Donec vitae erat vel pede blandit congue. In	2022-07-09 00:43:00
26	188	82	1	scelerisque neque. Nullam nisl. Maecenas malesuada fringilla est. Mauris eu turpis. Nulla aliquet. Proin velit. Sed malesuada augue ut lacus. Nulla tincidunt, neque vitae semper egestas,	2021-12-13 23:06:08
27	167	176	2	dui quis accumsan convallis, ante lectus convallis est, vitae sodales nisi magna sed dui. Fusce aliquam, enim nec tempus scelerisque, lorem ipsum sodales purus, in molestie tortor nibh sit amet orci. Ut sagittis lobortis mauris. Suspendisse aliquet molestie tellus. Aenean egestas hendrerit neque. In ornare sagittis felis. Donec tempor, est	2021-03-27 22:21:41
28	100	29	3	accumsan neque et nunc. Quisque ornare	2021-08-06 03:08:32
29	64	77	1	sit amet orci. Ut sagittis lobortis mauris. Suspendisse aliquet molestie tellus. Aenean egestas hendrerit neque. In ornare sagittis felis. Donec tempor, est ac mattis semper, dui	2022-01-21 09:13:17
30	73	78	2	ultrices posuere cubilia Curae Donec tincidunt. Donec vitae erat vel pede blandit congue. In scelerisque	2022-02-14 14:26:10
31	131	164	2	non enim. Mauris quis turpis vitae purus gravida sagittis. Duis gravida. Praesent eu nulla at sem molestie	2021-12-06 22:35:58
32	175	141	2	ullamcorper, nisl arcu iaculis enim, sit amet ornare lectus justo eu arcu. Morbi sit amet massa. Quisque porttitor eros nec tellus. Nunc lectus pede, ultrices a, auctor	2021-05-03 08:04:52
66	96	108	2	ornare tortor at risus. Nunc ac sem ut dolor dapibus gravida. Aliquam tincidunt, nunc	2020-04-13 10:19:45
67	2	37	1	sit amet risus. Donec egestas.	2021-10-01 11:13:43
33	173	19	2	elit erat vitae risus. Duis a mi fringilla mi lacinia mattis. Integer eu lacus. Quisque imperdiet, erat nonummy ultricies ornare, elit elit fermentum risus, at fringilla purus mauris a nunc. In at pede. Cras vulputate velit eu sem. Pellentesque ut ipsum ac	2020-07-28 17:17:36
34	88	153	2	quis, pede. Suspendisse dui. Fusce diam nunc, ullamcorper eu, euismod ac, fermentum vel, mauris.	2021-05-11 02:23:17
35	168	50	2	Praesent eu dui. Cum sociis natoque penatibus et magnis dis parturient montes,	2022-02-28 03:53:02
36	104	131	1	tellus sem mollis dui, in sodales elit erat vitae risus. Duis a mi fringilla mi lacinia mattis. Integer eu lacus. Quisque imperdiet, erat nonummy ultricies ornare, elit elit fermentum risus, at fringilla purus	2020-06-06 02:07:48
37	173	75	2	orci, adipiscing non, luctus sit amet, faucibus ut, nulla. Cras eu tellus eu augue porttitor interdum. Sed auctor odio a purus. Duis elementum, dui quis accumsan convallis, ante lectus convallis est, vitae sodales nisi magna sed dui. Fusce aliquam, enim nec tempus scelerisque, lorem	2021-11-08 21:54:53
38	143	44	1	sapien. Nunc pulvinar arcu et pede. Nunc sed orci lobortis augue scelerisque mollis. Phasellus libero mauris, aliquam eu, accumsan sed, facilisis vitae, orci. Phasellus dapibus quam quis diam. Pellentesque habitant morbi tristique senectus et netus et malesuada fames ac turpis egestas. Fusce aliquet magna a	2022-03-30 05:46:48
39	102	30	3	consectetuer, cursus et, magna. Praesent interdum ligula eu enim. Etiam imperdiet dictum magna. Ut tincidunt orci quis lectus. Nullam suscipit, est ac facilisis facilisis, magna tellus faucibus leo, in lobortis	2021-11-25 10:09:03
40	144	104	3	sem mollis dui, in sodales elit erat vitae risus. Duis a mi fringilla mi lacinia mattis.	2022-01-05 11:23:40
41	61	54	3	blandit mattis. Cras eget nisi	2022-03-17 10:33:03
42	115	55	2	pede. Nunc sed orci lobortis augue scelerisque mollis. Phasellus libero mauris, aliquam eu, accumsan sed, facilisis vitae, orci.	2021-08-30 11:03:55
43	5	107	3	vitae velit egestas lacinia. Sed congue, elit sed consequat auctor, nunc nulla vulputate dui, nec tempus mauris erat eget ipsum. Suspendisse sagittis. Nullam vitae diam. Proin dolor. Nulla semper tellus id	2020-05-19 16:03:27
44	108	68	3	mauris blandit mattis. Cras eget nisi dictum augue malesuada malesuada. Integer id magna et ipsum cursus vestibulum. Mauris	2022-09-03 21:36:03
45	125	89	2	sapien, cursus in, hendrerit consectetuer, cursus et, magna. Praesent interdum ligula eu	2022-03-02 07:49:57
46	184	75	1	non sapien molestie orci tincidunt adipiscing. Mauris molestie pharetra nibh. Aliquam ornare, libero at auctor ullamcorper, nisl arcu iaculis enim, sit amet ornare lectus justo eu arcu. Morbi sit amet massa. Quisque porttitor eros nec tellus. Nunc lectus pede, ultrices a, auctor non, feugiat nec, diam. Duis mi	2022-07-25 10:43:50
47	158	123	2	tincidunt orci quis lectus. Nullam suscipit, est ac facilisis facilisis, magna tellus faucibus leo, in lobortis tellus justo sit amet nulla. Donec	2020-02-29 17:49:16
48	157	132	3	Integer id magna et ipsum cursus vestibulum. Mauris magna. Duis dignissim tempor arcu. Vestibulum ut eros non enim commodo hendrerit. Donec porttitor tellus non magna. Nam ligula elit, pretium et, rutrum non, hendrerit id, ante. Nunc mauris sapien, cursus in, hendrerit consectetuer, cursus et, magna.	2020-05-22 14:38:43
49	126	27	3	nec, imperdiet nec, leo. Morbi neque tellus, imperdiet non, vestibulum nec, euismod in, dolor. Fusce feugiat. Lorem ipsum dolor sit amet, consectetuer adipiscing elit. Aliquam auctor, velit eget	2022-07-31 18:11:59
50	142	53	2	et tristique pellentesque, tellus sem mollis dui, in sodales elit erat	2022-07-28 10:11:38
51	125	61	3	velit. Pellentesque ultricies dignissim lacus. Aliquam rutrum lorem ac risus. Morbi metus. Vivamus euismod urna. Nullam lobortis quam a felis ullamcorper viverra. Maecenas iaculis aliquet diam. Sed diam lorem, auctor quis, tristique	2021-10-24 05:44:13
52	87	161	1	est ac mattis semper, dui lectus rutrum urna, nec luctus felis	2020-12-02 00:46:45
53	156	76	2	et tristique pellentesque, tellus sem mollis dui, in sodales elit erat vitae risus. Duis a mi fringilla mi lacinia mattis. Integer eu lacus. Quisque imperdiet, erat nonummy ultricies ornare, elit elit fermentum risus, at fringilla purus mauris a nunc. In at pede. Cras vulputate velit eu sem. Pellentesque	2022-03-23 18:40:15
54	94	82	2	sociis natoque penatibus et magnis dis parturient montes, nascetur ridiculus mus. Donec dignissim magna a tortor. Nunc commodo auctor velit. Aliquam nisl. Nulla eu neque pellentesque massa lobortis ultrices. Vivamus rhoncus. Donec est. Nunc	2020-11-06 21:01:05
55	25	157	1	nisi magna sed dui. Fusce aliquam, enim nec tempus scelerisque, lorem ipsum sodales purus, in molestie tortor nibh sit amet orci. Ut sagittis lobortis mauris. Suspendisse aliquet molestie tellus. Aenean egestas hendrerit neque.	2020-08-31 17:43:11
56	70	153	2	felis. Donec tempor, est ac mattis semper, dui lectus rutrum urna, nec luctus felis purus ac tellus. Suspendisse sed dolor. Fusce mi lorem, vehicula et, rutrum eu, ultrices sit amet, risus. Donec nibh enim, gravida sit	2021-09-25 10:23:29
57	83	90	3	scelerisque, lorem ipsum sodales purus, in molestie tortor nibh sit amet orci. Ut sagittis lobortis mauris. Suspendisse aliquet molestie tellus. Aenean egestas hendrerit neque. In ornare sagittis felis. Donec tempor, est ac mattis semper, dui lectus rutrum urna, nec luctus felis purus ac tellus. Suspendisse sed dolor. Fusce mi lorem,	2021-03-14 01:11:36
58	17	4	1	vulputate ullamcorper magna. Sed eu eros. Nam consequat dolor vitae dolor. Donec fringilla. Donec feugiat metus sit	2021-11-24 02:45:34
59	152	57	2	egestas. Aliquam nec enim. Nunc ut erat. Sed nunc est, mollis non, cursus non, egestas a, dui. Cras pellentesque. Sed dictum. Proin eget odio. Aliquam vulputate ullamcorper magna. Sed eu eros. Nam consequat dolor vitae dolor. Donec fringilla. Donec	2020-03-04 21:59:42
60	157	141	3	ridiculus mus. Aenean eget magna. Suspendisse tristique neque venenatis lacus. Etiam	2021-03-02 06:59:33
61	146	22	2	tincidunt, nunc ac mattis ornare, lectus ante dictum mi, ac	2020-05-06 21:06:09
62	62	111	3	neque. Nullam ut nisi a odio semper cursus. Integer mollis. Integer tincidunt aliquam arcu. Aliquam ultrices iaculis odio. Nam interdum enim non nisi. Aenean eget metus. In nec orci. Donec nibh. Quisque nonummy ipsum non arcu. Vivamus sit	2020-06-28 19:32:00
63	92	112	2	ligula. Donec luctus aliquet odio. Etiam ligula tortor, dictum eu, placerat eget, venenatis a, magna. Lorem ipsum dolor sit amet, consectetuer adipiscing elit. Etiam laoreet, libero et tristique pellentesque, tellus sem mollis dui, in sodales elit erat vitae risus. Duis a mi fringilla mi lacinia mattis. Integer eu lacus. Quisque	2021-12-10 07:51:51
64	197	51	2	nec quam. Curabitur vel lectus. Cum sociis natoque penatibus et magnis dis parturient montes, nascetur ridiculus mus. Donec dignissim magna a tortor. Nunc commodo auctor velit. Aliquam nisl. Nulla eu neque pellentesque	2020-11-16 06:37:14
65	119	53	2	est ac facilisis facilisis, magna tellus faucibus leo, in lobortis tellus justo sit amet nulla. Donec non justo. Proin non massa non ante	2021-07-07 11:05:52
68	48	143	2	ullamcorper eu, euismod ac, fermentum vel, mauris. Integer sem elit, pharetra ut, pharetra sed, hendrerit a, arcu. Sed et libero. Proin mi. Aliquam gravida mauris ut mi.	2022-01-01 21:04:56
69	151	78	3	congue. In scelerisque scelerisque dui. Suspendisse ac metus vitae velit egestas lacinia. Sed congue, elit sed consequat auctor, nunc nulla vulputate dui, nec tempus mauris erat eget ipsum. Suspendisse sagittis. Nullam vitae diam. Proin dolor. Nulla	2022-07-21 05:22:16
70	176	26	2	ante. Nunc mauris sapien, cursus in, hendrerit consectetuer, cursus et, magna. Praesent interdum ligula eu enim. Etiam imperdiet	2022-03-30 08:39:09
71	109	9	2	Donec est mauris, rhoncus id, mollis	2021-01-24 18:57:54
72	30	135	2	dolor elit, pellentesque	2020-09-22 22:43:42
73	118	118	2	Nulla facilisi. Sed neque. Sed eget	2021-08-25 04:54:39
74	154	68	2	dolor. Donec fringilla. Donec feugiat metus sit amet ante. Vivamus non lorem vitae odio sagittis semper. Nam tempor diam dictum sapien. Aenean massa. Integer vitae nibh. Donec est mauris, rhoncus id, mollis nec, cursus a, enim. Suspendisse aliquet,	2022-08-30 19:57:03
75	165	16	2	Cras eu tellus eu augue porttitor interdum. Sed	2022-04-09 03:06:23
76	159	161	1	laoreet ipsum. Curabitur consequat, lectus sit amet luctus vulputate, nisi sem semper erat, in consectetuer ipsum nunc id enim. Curabitur massa. Vestibulum accumsan neque et nunc. Quisque ornare tortor at risus. Nunc	2022-03-22 10:32:03
77	60	90	1	egestas. Duis ac arcu. Nunc mauris. Morbi non sapien molestie orci tincidunt adipiscing. Mauris molestie pharetra nibh. Aliquam ornare, libero at auctor ullamcorper, nisl arcu iaculis enim, sit amet ornare lectus justo eu arcu. Morbi sit amet massa. Quisque	2022-05-01 04:28:39
78	61	48	3	vitae purus gravida sagittis. Duis gravida. Praesent eu nulla at sem molestie sodales. Mauris blandit enim consequat purus. Maecenas libero est, congue a, aliquet vel, vulputate eu, odio. Phasellus at augue id ante dictum cursus. Nunc mauris	2022-03-05 12:23:01
79	198	26	2	libero lacus,	2020-02-26 18:12:34
80	14	2	1	urna. Nullam lobortis quam a felis ullamcorper viverra. Maecenas iaculis aliquet diam. Sed diam lorem, auctor quis, tristique ac, eleifend vitae, erat. Vivamus nisi. Mauris nulla. Integer urna. Vivamus molestie dapibus ligula.	2021-10-12 06:59:21
81	164	94	2	Proin nisl sem, consequat nec, mollis vitae, posuere at, velit. Cras lorem lorem, luctus ut, pellentesque eget, dictum placerat, augue. Sed molestie.	2020-10-12 04:22:51
82	184	110	3	dolor, nonummy ac, feugiat non, lobortis quis, pede. Suspendisse dui.	2021-11-22 13:35:43
83	190	163	3	Mauris blandit enim consequat purus. Maecenas libero est, congue a, aliquet vel, vulputate eu, odio. Phasellus at augue id ante dictum cursus. Nunc mauris elit, dictum eu, eleifend nec, malesuada ut, sem. Nulla interdum.	2021-11-05 06:52:23
84	22	118	1	semper. Nam tempor diam dictum sapien. Aenean	2022-03-18 09:57:14
85	59	36	2	velit eget laoreet posuere, enim	2020-01-01 22:39:15
86	125	136	1	magna. Ut tincidunt orci quis lectus. Nullam suscipit, est ac facilisis facilisis, magna tellus faucibus leo, in lobortis tellus justo sit amet nulla. Donec non justo. Proin non massa non ante bibendum ullamcorper. Duis cursus, diam at pretium aliquet, metus urna convallis	2020-05-29 19:41:36
87	181	181	2	Sed diam lorem, auctor quis, tristique ac, eleifend vitae, erat. Vivamus nisi. Mauris nulla. Integer urna. Vivamus molestie dapibus ligula. Aliquam erat volutpat. Nulla dignissim.	2021-09-07 17:29:08
88	78	62	3	ut aliquam iaculis, lacus pede sagittis augue, eu tempor erat neque non quam. Pellentesque habitant morbi tristique senectus et netus et malesuada fames ac turpis egestas. Aliquam fringilla cursus purus. Nullam scelerisque neque sed sem egestas	2022-08-24 04:10:11
89	124	140	2	eu arcu. Morbi sit amet massa. Quisque porttitor eros nec tellus. Nunc lectus pede, ultrices a, auctor non,	2022-05-29 16:01:39
90	198	2	2	eu lacus. Quisque imperdiet, erat nonummy ultricies ornare, elit elit fermentum risus, at fringilla purus mauris a nunc. In at pede. Cras	2022-09-07 23:20:12
91	47	178	3	tincidunt pede ac urna. Ut tincidunt vehicula risus. Nulla eget metus eu erat semper rutrum. Fusce dolor quam, elementum at, egestas a, scelerisque sed, sapien. Nunc pulvinar arcu et pede. Nunc sed orci	2020-10-16 06:10:30
92	21	40	2	ut aliquam iaculis, lacus pede sagittis augue,	2021-07-02 09:49:23
93	159	22	1	fermentum convallis ligula.	2020-12-12 00:14:14
94	81	146	2	nibh dolor, nonummy ac, feugiat	2022-06-08 22:37:18
95	107	191	3	Suspendisse tristique neque venenatis lacus. Etiam bibendum fermentum metus. Aenean sed pede nec ante blandit viverra. Donec tempus, lorem fringilla ornare placerat, orci lacus vestibulum	2020-08-09 14:27:15
96	61	149	2	eu nulla at sem molestie sodales. Mauris blandit enim consequat purus. Maecenas libero est, congue a, aliquet vel, vulputate eu, odio. Phasellus at augue id ante dictum cursus. Nunc mauris elit,	2021-10-06 17:35:20
97	54	108	3	Donec dignissim magna a tortor. Nunc commodo auctor velit. Aliquam nisl. Nulla eu neque pellentesque massa lobortis ultrices. Vivamus rhoncus. Donec est.	2020-10-28 06:44:01
98	64	21	2	ut odio vel est tempor bibendum. Donec felis orci, adipiscing non, luctus sit amet, faucibus ut, nulla. Cras eu tellus eu augue porttitor interdum. Sed auctor odio a purus. Duis elementum, dui quis accumsan convallis, ante lectus convallis est, vitae sodales nisi magna sed dui. Fusce aliquam, enim nec tempus scelerisque, lorem	2022-05-04 19:53:20
99	102	77	2	Sed auctor odio a purus. Duis elementum, dui quis accumsan convallis, ante lectus convallis est, vitae sodales nisi magna sed dui. Fusce aliquam, enim nec tempus	2020-05-29 16:31:21
100	191	151	1	lobortis risus. In mi pede, nonummy ut, molestie in, tempus eu, ligula. Aenean euismod mauris eu elit. Nulla facilisi. Sed neque. Sed eget lacus. Mauris non dui nec urna suscipit nonummy. Fusce fermentum fermentum arcu.	2021-11-06 20:53:34
101	7	138	1	vitae diam. Proin dolor. Nulla semper tellus id nunc interdum feugiat. Sed nec metus facilisis lorem tristique aliquet. Phasellus fermentum convallis ligula. Donec luctus aliquet odio. Etiam ligula tortor, dictum eu, placerat eget, venenatis a, magna. Lorem ipsum dolor sit amet, consectetuer adipiscing elit. Etiam laoreet, libero et tristique pellentesque, tellus sem mollis dui,	2020-01-05 20:21:25
102	194	100	2	fringilla purus mauris a nunc. In at pede. Cras vulputate velit eu sem. Pellentesque ut ipsum ac mi eleifend egestas. Sed pharetra, felis eget varius ultrices, mauris ipsum porta elit,	2020-04-28 18:59:02
103	56	62	1	in aliquet lobortis, nisi nibh lacinia orci, consectetuer euismod est arcu ac orci. Ut semper pretium neque. Morbi quis urna. Nunc quis arcu vel quam dignissim pharetra. Nam ac nulla. In tincidunt congue turpis. In condimentum. Donec at arcu. Vestibulum ante ipsum primis in faucibus orci	2020-09-04 10:19:13
104	156	132	3	dis parturient montes, nascetur ridiculus mus. Proin vel nisl. Quisque fringilla euismod enim. Etiam gravida molestie arcu. Sed eu nibh vulputate mauris sagittis	2020-09-18 07:26:21
105	42	135	2	eget lacus. Mauris non dui nec urna suscipit nonummy. Fusce fermentum	2020-11-19 04:33:40
106	61	178	1	Pellentesque habitant morbi tristique senectus et netus et malesuada fames	2022-04-09 08:29:52
107	162	124	2	convallis, ante lectus convallis est, vitae sodales nisi magna sed dui. Fusce aliquam, enim nec tempus scelerisque, lorem ipsum sodales purus, in molestie tortor nibh sit amet orci. Ut sagittis lobortis mauris. Suspendisse aliquet molestie tellus. Aenean egestas hendrerit neque. In ornare sagittis felis. Donec tempor, est ac mattis	2022-02-11 14:09:33
108	148	116	1	Fusce diam nunc, ullamcorper eu, euismod ac, fermentum vel, mauris. Integer sem elit, pharetra ut, pharetra sed, hendrerit a, arcu. Sed et libero. Proin mi. Aliquam gravida mauris ut mi. Duis risus odio, auctor	2020-10-22 07:06:14
109	107	13	2	In lorem. Donec elementum, lorem ut aliquam iaculis, lacus pede sagittis augue, eu tempor erat neque non quam. Pellentesque habitant morbi tristique senectus et netus et malesuada fames ac turpis egestas. Aliquam fringilla cursus purus. Nullam scelerisque neque sed sem egestas blandit. Nam nulla	2020-01-04 02:32:21
110	178	32	2	Cras pellentesque. Sed dictum. Proin eget odio. Aliquam vulputate ullamcorper magna. Sed eu eros. Nam consequat dolor vitae dolor. Donec fringilla. Donec feugiat metus sit amet ante. Vivamus non lorem vitae odio sagittis semper. Nam tempor diam dictum sapien. Aenean massa. Integer vitae nibh. Donec est mauris, rhoncus id, mollis nec, cursus a, enim.	2021-11-11 20:40:00
111	198	193	1	cursus vestibulum. Mauris magna. Duis dignissim tempor arcu. Vestibulum ut eros non enim commodo hendrerit. Donec porttitor tellus non magna. Nam ligula elit, pretium et, rutrum non, hendrerit id, ante. Nunc mauris sapien, cursus in, hendrerit consectetuer, cursus et, magna. Praesent interdum ligula eu enim. Etiam	2020-01-07 09:11:32
112	57	119	2	dolor, tempus non, lacinia at, iaculis quis, pede. Praesent eu dui. Cum sociis natoque penatibus et magnis dis parturient montes, nascetur ridiculus mus. Aenean eget magna. Suspendisse tristique neque venenatis lacus. Etiam bibendum fermentum metus. Aenean sed pede nec ante blandit viverra. Donec tempus, lorem fringilla ornare placerat,	2022-05-12 18:15:12
113	5	110	2	lacus. Quisque imperdiet, erat nonummy ultricies ornare, elit elit fermentum risus, at fringilla purus mauris a nunc. In at pede. Cras vulputate velit eu sem. Pellentesque ut ipsum ac mi eleifend egestas. Sed pharetra, felis eget varius ultrices, mauris ipsum porta elit, a feugiat tellus lorem eu metus. In lorem. Donec elementum, lorem ut	2021-11-21 10:06:26
114	6	161	2	metus sit amet ante. Vivamus non lorem vitae odio sagittis semper. Nam tempor diam dictum sapien. Aenean massa. Integer vitae nibh. Donec est mauris, rhoncus id,	2020-09-27 18:23:05
115	20	180	2	convallis erat, eget tincidunt dui augue eu tellus. Phasellus elit pede, malesuada vel, venenatis vel, faucibus id, libero. Donec consectetuer mauris id sapien. Cras dolor dolor, tempus non, lacinia at, iaculis quis, pede. Praesent eu dui. Cum sociis natoque penatibus et magnis dis parturient montes,	2022-06-07 22:27:39
116	155	183	2	auctor, nunc nulla vulputate dui, nec tempus mauris erat eget ipsum. Suspendisse sagittis. Nullam vitae diam. Proin dolor. Nulla semper tellus id nunc interdum feugiat. Sed nec metus facilisis lorem tristique aliquet. Phasellus fermentum convallis ligula.	2020-11-30 07:13:03
117	33	125	2	Nunc sollicitudin commodo ipsum. Suspendisse non leo. Vivamus nibh dolor, nonummy ac, feugiat non, lobortis quis, pede. Suspendisse dui. Fusce diam nunc, ullamcorper eu, euismod ac, fermentum vel, mauris. Integer sem elit, pharetra ut, pharetra sed, hendrerit a, arcu. Sed	2021-05-28 18:17:11
118	102	157	1	elementum at, egestas a, scelerisque sed, sapien.	2021-11-13 22:39:19
119	37	183	2	convallis dolor. Quisque tincidunt pede ac urna. Ut tincidunt vehicula risus. Nulla eget metus eu erat semper rutrum. Fusce dolor quam, elementum at, egestas a, scelerisque sed, sapien. Nunc pulvinar arcu et pede. Nunc sed	2021-12-09 17:52:39
120	93	137	2	Sed eu eros. Nam consequat dolor vitae dolor. Donec fringilla. Donec feugiat metus sit amet ante. Vivamus non lorem vitae odio sagittis semper. Nam tempor	2021-02-03 03:15:02
121	46	111	2	tellus eu augue porttitor interdum. Sed auctor odio a purus. Duis elementum, dui quis accumsan convallis, ante lectus	2020-05-21 10:08:49
122	67	194	2	molestie orci tincidunt adipiscing. Mauris molestie pharetra nibh. Aliquam ornare, libero at auctor ullamcorper, nisl arcu iaculis enim, sit amet ornare lectus justo eu arcu. Morbi sit	2021-01-31 14:47:23
123	11	49	2	egestas hendrerit neque. In ornare sagittis felis. Donec tempor, est ac mattis semper, dui lectus rutrum urna, nec luctus felis purus ac tellus. Suspendisse sed dolor. Fusce mi lorem,	2022-06-02 00:51:31
124	197	196	1	Sed nulla ante,	2020-12-25 19:27:47
125	191	31	1	sit amet orci. Ut sagittis lobortis mauris. Suspendisse	2021-02-25 13:21:39
126	193	194	1	tempor augue ac ipsum. Phasellus vitae mauris sit amet lorem semper auctor. Mauris vel turpis. Aliquam adipiscing lobortis risus. In mi	2022-06-28 19:11:09
127	198	77	2	Phasellus dolor elit, pellentesque a, facilisis non, bibendum sed, est. Nunc laoreet lectus quis massa. Mauris vestibulum, neque sed dictum eleifend, nunc risus varius orci, in consequat enim diam vel arcu. Curabitur ut odio vel est tempor bibendum. Donec felis orci, adipiscing non, luctus sit amet, faucibus ut, nulla.	2020-03-26 22:09:56
128	81	145	1	Mauris non dui nec urna suscipit nonummy. Fusce fermentum fermentum arcu. Vestibulum ante ipsum primis in faucibus orci luctus et ultrices posuere cubilia Curae Phasellus ornare. Fusce mollis. Duis sit amet diam eu dolor egestas rhoncus. Proin nisl sem, consequat nec, mollis vitae, posuere at, velit. Cras lorem lorem, luctus ut, pellentesque eget, dictum placerat,	2020-12-04 02:23:29
129	101	135	2	lobortis. Class aptent taciti sociosqu ad litora torquent per conubia nostra, per inceptos hymenaeos. Mauris ut quam vel sapien imperdiet ornare. In faucibus. Morbi vehicula. Pellentesque tincidunt tempus risus. Donec egestas. Duis ac arcu. Nunc mauris. Morbi non sapien molestie orci tincidunt adipiscing. Mauris molestie pharetra nibh. Aliquam ornare, libero at	2021-08-07 16:36:55
130	98	69	2	felis, adipiscing fringilla, porttitor vulputate, posuere vulputate, lacus. Cras interdum. Nunc sollicitudin commodo ipsum. Suspendisse non leo. Vivamus nibh dolor, nonummy ac, feugiat non, lobortis quis, pede. Suspendisse dui. Fusce diam nunc, ullamcorper eu,	2022-04-08 02:29:08
131	163	85	1	at auctor ullamcorper, nisl arcu iaculis enim, sit amet ornare lectus justo eu arcu. Morbi sit amet massa. Quisque porttitor eros nec tellus. Nunc lectus pede, ultrices a, auctor non,	2022-07-21 22:15:12
132	120	166	2	metus facilisis lorem tristique aliquet. Phasellus fermentum convallis ligula. Donec luctus aliquet odio. Etiam ligula tortor,	2022-02-25 18:22:10
133	144	24	1	Morbi vehicula. Pellentesque tincidunt tempus risus. Donec egestas. Duis ac arcu. Nunc mauris. Morbi non sapien molestie orci tincidunt adipiscing. Mauris molestie pharetra nibh. Aliquam ornare, libero at auctor ullamcorper, nisl	2021-12-27 14:24:11
134	191	24	1	sed leo. Cras vehicula aliquet libero. Integer in magna. Phasellus dolor elit, pellentesque a,	2021-01-20 06:07:18
135	169	111	1	orci luctus et ultrices posuere cubilia Curae Donec tincidunt. Donec vitae	2022-02-26 07:36:36
136	193	56	2	id ante dictum cursus. Nunc mauris elit, dictum eu, eleifend nec, malesuada ut, sem. Nulla interdum. Curabitur dictum. Phasellus in felis. Nulla tempor augue ac ipsum. Phasellus	2021-11-30 19:35:08
137	167	7	2	id ante dictum cursus. Nunc mauris elit, dictum eu, eleifend nec, malesuada ut, sem. Nulla interdum. Curabitur dictum. Phasellus in felis. Nulla tempor augue ac ipsum. Phasellus vitae mauris sit amet lorem semper auctor. Mauris vel turpis. Aliquam adipiscing lobortis risus. In mi pede, nonummy	2022-02-06 14:16:04
138	169	124	3	nibh. Quisque nonummy ipsum non arcu. Vivamus sit amet risus. Donec egestas. Aliquam nec enim. Nunc ut erat. Sed nunc	2020-02-06 05:56:11
139	185	85	2	per conubia nostra, per inceptos hymenaeos. Mauris ut quam vel sapien imperdiet ornare. In	2020-08-09 20:06:30
140	63	171	2	amet massa. Quisque porttitor eros nec tellus. Nunc lectus pede,	2020-09-10 04:01:21
141	28	56	2	dapibus	2022-03-18 17:04:54
142	89	39	3	at, velit. Cras lorem lorem, luctus ut, pellentesque eget, dictum placerat, augue. Sed	2021-08-18 10:12:56
143	93	153	3	sagittis felis. Donec tempor, est ac mattis semper, dui lectus rutrum urna, nec luctus felis purus ac tellus. Suspendisse sed dolor. Fusce mi lorem, vehicula et, rutrum eu, ultrices	2021-12-22 02:38:12
144	75	170	3	Quisque varius. Nam porttitor scelerisque neque. Nullam nisl. Maecenas malesuada fringilla est. Mauris eu turpis. Nulla aliquet. Proin velit.	2020-07-22 02:07:21
145	25	17	1	ornare, lectus ante dictum mi, ac mattis velit justo nec ante. Maecenas mi felis, adipiscing fringilla, porttitor	2020-06-04 07:12:34
146	34	191	2	ac mattis semper,	2020-04-25 01:38:54
147	57	184	2	in aliquet lobortis, nisi nibh lacinia orci, consectetuer euismod est arcu ac orci. Ut semper pretium neque. Morbi quis urna. Nunc quis arcu vel quam dignissim pharetra. Nam ac nulla. In tincidunt congue turpis. In condimentum. Donec at arcu. Vestibulum ante ipsum primis in faucibus orci luctus et ultrices posuere cubilia Curae Donec	2022-04-02 08:41:43
148	125	125	2	magna. Suspendisse tristique neque venenatis lacus. Etiam bibendum fermentum metus. Aenean sed pede nec ante blandit viverra. Donec tempus, lorem fringilla ornare placerat, orci lacus vestibulum lorem, sit amet ultricies sem magna nec quam. Curabitur	2020-01-24 14:56:57
149	136	46	2	laoreet, libero et tristique pellentesque, tellus sem mollis dui, in sodales elit erat vitae risus. Duis a mi fringilla mi lacinia mattis. Integer eu lacus. Quisque imperdiet, erat nonummy ultricies ornare, elit elit fermentum risus, at fringilla purus mauris a nunc. In	2020-07-04 03:25:33
150	85	148	2	Cum sociis natoque penatibus et magnis dis parturient montes, nascetur ridiculus	2021-11-09 15:59:41
151	33	45	3	vulputate, nisi sem semper erat, in consectetuer ipsum nunc id enim. Curabitur massa. Vestibulum accumsan neque et nunc. Quisque ornare tortor at risus. Nunc ac sem ut dolor dapibus gravida. Aliquam tincidunt, nunc ac mattis ornare, lectus ante dictum mi, ac	2022-09-07 22:32:10
152	3	188	2	dui, in sodales elit erat vitae risus. Duis a mi fringilla mi lacinia mattis. Integer eu lacus. Quisque imperdiet, erat nonummy ultricies ornare, elit elit fermentum risus, at fringilla purus mauris a nunc. In at pede. Cras vulputate velit eu sem. Pellentesque ut ipsum ac mi eleifend	2020-04-04 23:05:17
153	18	179	2	molestie arcu. Sed eu nibh vulputate mauris sagittis placerat. Cras dictum ultricies ligula. Nullam	2020-01-15 12:21:25
154	131	32	1	arcu. Vivamus sit amet risus. Donec egestas. Aliquam nec enim. Nunc ut erat. Sed nunc est, mollis non, cursus non, egestas a, dui. Cras pellentesque. Sed dictum. Proin eget odio. Aliquam vulputate ullamcorper magna. Sed eu eros. Nam consequat dolor vitae dolor. Donec fringilla. Donec feugiat metus sit amet ante. Vivamus	2022-04-10 17:48:18
155	126	24	1	Phasellus libero mauris, aliquam eu, accumsan sed, facilisis vitae, orci. Phasellus dapibus quam quis diam. Pellentesque habitant morbi tristique senectus et netus et malesuada fames ac turpis egestas. Fusce aliquet magna a neque.	2022-08-08 19:09:57
156	19	44	2	molestie in, tempus eu, ligula. Aenean euismod mauris eu elit. Nulla facilisi. Sed neque. Sed eget lacus. Mauris non dui nec urna suscipit nonummy. Fusce fermentum fermentum arcu. Vestibulum ante ipsum primis in faucibus orci luctus et ultrices posuere cubilia Curae	2021-05-21 23:42:46
157	115	57	3	montes, nascetur ridiculus mus. Proin vel nisl. Quisque fringilla euismod enim. Etiam gravida molestie	2020-03-25 17:05:51
158	138	27	1	Curabitur massa. Vestibulum accumsan neque et nunc. Quisque ornare tortor at risus. Nunc ac sem ut dolor dapibus gravida. Aliquam tincidunt, nunc ac mattis ornare, lectus ante dictum mi, ac mattis velit justo nec ante. Maecenas mi felis, adipiscing fringilla, porttitor vulputate, posuere vulputate, lacus.	2022-05-04 17:48:21
159	194	186	2	enim. Sed nulla ante,	2020-01-16 09:03:35
160	150	95	2	consectetuer, cursus et, magna. Praesent interdum ligula eu enim. Etiam imperdiet dictum magna. Ut tincidunt orci quis lectus. Nullam suscipit, est ac facilisis facilisis, magna tellus faucibus leo, in lobortis tellus justo sit amet nulla. Donec non justo. Proin non massa non ante	2020-04-26 20:12:31
161	65	8	3	eu nibh vulputate mauris sagittis placerat. Cras dictum ultricies ligula. Nullam enim. Sed nulla ante, iaculis nec, eleifend non, dapibus rutrum, justo. Praesent luctus. Curabitur egestas nunc sed libero. Proin sed turpis nec mauris blandit	2020-10-15 06:34:50
162	172	170	2	consectetuer euismod est arcu ac orci. Ut semper pretium neque. Morbi quis urna.	2022-07-05 12:08:39
163	147	169	1	mi tempor lorem, eget mollis lectus pede et risus. Quisque libero lacus, varius et, euismod et, commodo at, libero. Morbi accumsan laoreet ipsum. Curabitur	2020-12-08 11:26:15
164	94	57	2	mi lacinia mattis. Integer eu lacus. Quisque imperdiet, erat nonummy ultricies ornare, elit elit fermentum risus, at fringilla purus mauris a nunc. In at pede. Cras vulputate velit eu sem. Pellentesque ut ipsum ac mi eleifend egestas. Sed pharetra, felis eget varius ultrices, mauris ipsum porta elit, a feugiat tellus lorem eu metus. In	2022-06-06 09:37:57
165	93	36	2	consectetuer mauris id sapien. Cras dolor dolor, tempus non, lacinia at, iaculis quis, pede. Praesent eu dui. Cum sociis natoque penatibus et magnis dis	2022-08-10 17:19:20
166	62	88	3	gravida. Praesent eu nulla at sem molestie sodales. Mauris blandit enim consequat purus. Maecenas libero est, congue a, aliquet vel, vulputate eu, odio.	2022-09-10 12:44:45
167	14	100	1	in, hendrerit consectetuer, cursus et, magna. Praesent interdum ligula eu enim. Etiam imperdiet dictum magna. Ut tincidunt orci quis lectus. Nullam	2020-10-02 07:18:36
168	119	116	2	venenatis vel, faucibus id, libero. Donec consectetuer mauris id sapien. Cras dolor dolor, tempus non, lacinia at, iaculis quis, pede. Praesent eu dui. Cum sociis natoque penatibus et magnis dis parturient montes, nascetur ridiculus mus. Aenean eget magna. Suspendisse tristique neque venenatis lacus. Etiam bibendum fermentum metus. Aenean sed pede nec ante blandit	2020-10-08 02:06:22
169	10	118	2	tellus non magna. Nam ligula elit, pretium et, rutrum non, hendrerit id, ante. Nunc mauris sapien, cursus in, hendrerit consectetuer, cursus et, magna. Praesent interdum ligula eu enim. Etiam imperdiet dictum magna. Ut tincidunt orci quis lectus. Nullam suscipit, est ac facilisis facilisis, magna tellus faucibus leo, in	2021-08-08 06:14:42
170	74	107	2	adipiscing fringilla, porttitor vulputate, posuere vulputate, lacus. Cras interdum. Nunc sollicitudin commodo ipsum. Suspendisse non leo. Vivamus nibh dolor, nonummy ac, feugiat non, lobortis quis, pede. Suspendisse dui. Fusce diam nunc, ullamcorper eu, euismod ac, fermentum vel, mauris. Integer sem elit,	2021-01-12 01:18:54
171	76	92	2	Nunc lectus pede, ultrices a, auctor non, feugiat nec, diam. Duis mi enim, condimentum eget, volutpat ornare, facilisis eget, ipsum. Donec sollicitudin adipiscing ligula. Aenean gravida nunc sed pede. Cum sociis natoque penatibus et	2020-04-17 05:04:58
172	75	169	1	tristique pharetra. Quisque ac libero nec ligula consectetuer rhoncus. Nullam velit	2020-01-19 06:34:03
173	115	60	3	hendrerit neque. In ornare sagittis felis. Donec tempor, est ac mattis semper, dui lectus rutrum urna, nec luctus felis purus ac tellus. Suspendisse	2020-12-10 21:50:06
174	163	14	3	posuere at, velit. Cras lorem lorem, luctus ut, pellentesque eget, dictum placerat, augue. Sed molestie. Sed id risus quis diam luctus lobortis. Class aptent taciti sociosqu ad litora torquent per conubia nostra, per inceptos hymenaeos. Mauris ut	2022-01-25 22:19:59
175	70	30	1	dictum eu, placerat eget, venenatis a, magna. Lorem ipsum dolor sit amet, consectetuer adipiscing elit. Etiam laoreet, libero et tristique pellentesque, tellus sem mollis dui, in sodales elit erat vitae risus. Duis a mi fringilla mi lacinia mattis. Integer eu lacus. Quisque	2021-11-22 04:08:19
176	176	33	2	Nulla facilisis. Suspendisse commodo tincidunt nibh. Phasellus nulla. Integer vulputate, risus a ultricies adipiscing, enim mi tempor lorem, eget mollis lectus pede et risus. Quisque libero lacus, varius	2021-05-02 08:57:15
177	67	164	2	eu, ultrices sit amet, risus. Donec nibh enim, gravida sit amet, dapibus id, blandit at, nisi. Cum sociis natoque penatibus	2021-10-15 01:16:57
178	137	94	2	Duis at lacus. Quisque purus sapien, gravida non, sollicitudin a, malesuada id, erat. Etiam vestibulum massa rutrum	2022-06-07 14:45:11
179	131	81	2	non ante bibendum ullamcorper. Duis cursus, diam at pretium	2022-02-17 03:30:35
180	134	30	2	lorem ipsum sodales purus, in molestie tortor nibh sit amet orci. Ut	2020-04-07 02:55:39
181	5	35	1	eu sem. Pellentesque ut ipsum ac	2022-04-04 03:46:59
182	173	105	2	lobortis augue scelerisque mollis. Phasellus libero mauris, aliquam eu, accumsan sed, facilisis vitae, orci. Phasellus dapibus quam quis diam. Pellentesque habitant morbi tristique senectus et netus et malesuada fames ac turpis egestas. Fusce aliquet magna a neque. Nullam ut	2022-08-24 11:08:12
183	32	6	3	laoreet lectus quis massa. Mauris vestibulum, neque sed dictum eleifend, nunc risus varius orci, in consequat enim diam vel arcu. Curabitur ut odio vel	2020-03-20 00:03:54
184	180	143	3	sapien imperdiet ornare. In	2020-09-07 20:02:01
185	46	118	2	id, libero. Donec consectetuer mauris id	2020-05-26 20:11:55
186	112	9	2	mi. Aliquam gravida mauris ut mi. Duis risus odio, auctor vitae, aliquet nec, imperdiet nec, leo. Morbi neque tellus, imperdiet non, vestibulum nec, euismod in, dolor. Fusce feugiat. Lorem ipsum dolor sit	2021-02-20 10:48:29
187	153	178	3	cursus, diam at pretium aliquet, metus urna convallis erat, eget tincidunt dui augue eu tellus.	2020-10-26 20:03:22
188	25	95	1	nibh sit amet orci. Ut	2020-01-03 16:06:18
189	176	175	1	quam, elementum at, egestas a, scelerisque sed, sapien. Nunc pulvinar arcu et pede.	2022-04-19 21:23:27
190	192	30	2	Integer urna. Vivamus molestie dapibus ligula. Aliquam erat volutpat. Nulla dignissim. Maecenas ornare egestas ligula. Nullam feugiat placerat velit. Quisque varius. Nam porttitor scelerisque neque. Nullam nisl. Maecenas malesuada fringilla est. Mauris eu turpis. Nulla aliquet. Proin velit. Sed malesuada augue ut	2021-10-11 23:11:07
191	140	170	1	tristique ac, eleifend vitae, erat. Vivamus nisi. Mauris nulla. Integer urna. Vivamus molestie dapibus ligula. Aliquam erat volutpat. Nulla dignissim. Maecenas ornare egestas ligula. Nullam feugiat placerat velit. Quisque varius. Nam porttitor scelerisque neque. Nullam nisl. Maecenas malesuada fringilla est. Mauris eu turpis. Nulla	2021-04-20 13:31:45
192	159	141	2	consectetuer mauris id sapien. Cras dolor dolor, tempus non, lacinia at, iaculis quis, pede. Praesent eu dui. Cum sociis natoque penatibus et magnis dis parturient montes, nascetur ridiculus mus. Aenean eget magna. Suspendisse tristique neque venenatis lacus. Etiam bibendum fermentum	2022-07-23 01:05:12
193	158	157	2	ante ipsum primis in faucibus	2021-01-25 17:43:13
194	141	117	1	ac, eleifend vitae, erat. Vivamus nisi. Mauris nulla. Integer urna. Vivamus molestie	2022-04-04 23:25:12
195	18	90	3	ligula. Aenean euismod mauris eu elit. Nulla facilisi. Sed neque. Sed eget lacus. Mauris non dui nec urna suscipit nonummy. Fusce fermentum fermentum arcu. Vestibulum ante ipsum primis in faucibus orci luctus et ultrices posuere cubilia Curae Phasellus ornare. Fusce mollis. Duis sit amet diam	2021-07-12 23:37:53
196	25	118	1	nec mauris blandit mattis. Cras eget nisi dictum augue malesuada malesuada.	2021-10-04 05:02:03
197	125	64	2	conubia nostra, per inceptos hymenaeos. Mauris ut quam vel sapien imperdiet ornare. In faucibus. Morbi vehicula. Pellentesque tincidunt tempus risus. Donec egestas. Duis ac arcu. Nunc mauris. Morbi non sapien molestie orci tincidunt adipiscing. Mauris molestie pharetra nibh. Aliquam ornare, libero at auctor ullamcorper, nisl arcu iaculis enim, sit amet ornare lectus justo	2021-02-09 13:22:37
198	70	14	3	porttitor eros nec tellus. Nunc lectus pede, ultrices a, auctor	2020-11-22 18:39:38
199	200	143	2	id, ante. Nunc mauris sapien, cursus in, hendrerit consectetuer, cursus et, magna. Praesent interdum ligula eu enim. Etiam	2022-03-30 02:18:28
200	178	141	3	purus ac tellus. Suspendisse sed dolor. Fusce mi	2020-01-26 23:05:24
\.


--
-- Data for Name: groups_users; Type: TABLE DATA; Schema: public; Owner: gb_user
--

COPY public.groups_users (group_id, user_id, status_id, created_at) FROM stdin;
35	74	1	2022-06-07 04:14:17
174	74	2	2020-05-10 17:25:02
102	30	1	2020-02-11 04:32:27
196	178	1	2020-12-17 08:32:20
94	127	1	2020-06-10 02:06:48
142	134	2	2020-07-12 03:51:06
197	181	1	2022-04-15 06:22:00
68	66	2	2020-05-27 16:32:54
166	127	1	2020-04-13 23:18:02
31	154	2	2022-04-23 15:43:19
19	52	2	2021-05-06 08:48:55
124	65	1	2021-10-05 07:35:26
36	111	2	2020-04-30 00:12:02
82	61	1	2021-03-25 20:11:44
150	37	1	2022-03-10 23:40:41
148	23	1	2021-06-16 09:33:52
9	127	2	2021-02-10 19:41:57
29	21	1	2022-07-26 17:03:16
72	2	1	2020-01-27 18:54:35
158	164	1	2021-03-23 16:37:00
126	61	1	2021-03-16 12:48:02
167	87	2	2020-03-31 23:53:53
162	120	1	2020-09-14 06:08:20
8	120	1	2022-08-27 23:31:30
200	46	1	2021-07-27 05:13:10
199	72	2	2022-05-27 18:27:03
187	125	2	2020-11-04 10:43:55
101	26	2	2020-04-06 07:27:01
82	6	1	2020-03-09 21:15:11
44	169	1	2020-10-22 17:11:07
154	114	1	2022-05-10 17:39:46
52	11	1	2020-11-22 20:37:14
117	185	2	2021-05-09 12:49:30
91	12	2	2020-04-24 19:09:42
92	132	1	2020-02-12 10:30:31
193	77	1	2021-01-16 03:31:58
20	161	1	2020-03-31 08:54:29
165	61	2	2022-07-20 00:20:10
84	197	1	2020-03-28 16:28:27
15	14	1	2020-11-23 05:16:58
196	52	2	2021-09-05 09:27:37
116	85	1	2020-01-21 09:15:35
100	156	2	2020-05-11 10:40:53
169	126	2	2020-09-24 00:18:22
80	111	2	2022-04-18 17:49:28
131	114	1	2021-08-14 22:36:10
6	114	1	2022-02-07 02:03:46
86	152	2	2021-10-19 02:00:47
6	3	1	2020-08-01 23:56:08
13	158	2	2022-03-19 08:58:12
21	97	1	2022-06-19 23:53:57
128	70	1	2021-01-19 19:17:01
94	44	1	2021-07-20 22:36:13
135	67	2	2020-03-13 06:43:30
160	26	2	2022-04-16 04:19:07
84	97	1	2020-06-28 21:07:31
111	170	1	2020-12-24 05:28:55
62	6	1	2020-01-12 02:46:21
189	29	1	2020-05-31 23:55:23
4	41	2	2020-12-21 17:31:30
32	118	2	2021-12-09 20:00:44
26	174	1	2020-04-18 10:49:04
10	57	1	2021-11-17 01:38:59
196	91	2	2021-07-20 03:25:45
2	8	1	2022-01-12 21:28:31
64	38	1	2020-10-19 18:50:04
167	69	2	2021-12-04 14:14:53
41	36	2	2020-06-14 23:37:21
31	17	2	2020-07-21 07:39:02
58	13	2	2021-05-25 05:24:08
58	107	2	2020-03-21 00:12:55
82	196	1	2021-06-24 10:24:51
137	163	2	2021-01-25 12:38:49
3	58	2	2021-01-25 04:23:29
24	146	2	2020-05-21 11:42:26
84	73	2	2020-04-28 13:51:43
114	68	1	2020-11-24 03:27:28
15	16	2	2022-08-25 07:25:49
16	117	1	2021-02-03 12:43:00
151	161	1	2020-04-04 23:33:21
42	42	1	2020-01-17 17:35:41
154	164	2	2020-01-07 15:51:05
142	186	1	2022-07-30 11:50:25
82	191	2	2021-04-19 00:10:10
73	175	2	2020-02-25 09:47:55
48	64	2	2020-04-11 16:58:44
105	187	1	2022-05-10 05:56:48
160	180	1	2022-01-08 02:45:11
10	28	2	2021-03-16 15:36:17
109	124	1	2021-02-15 20:51:17
182	56	1	2021-05-30 23:20:58
31	100	2	2022-03-03 22:19:21
12	92	1	2021-02-08 06:24:40
171	38	1	2020-03-19 05:12:45
184	71	1	2022-06-18 17:58:19
192	156	2	2021-10-23 14:22:13
163	89	2	2021-12-12 23:21:46
21	141	1	2020-03-01 02:52:29
22	104	1	2022-09-10 16:43:19
35	178	2	2021-10-31 17:02:00
65	103	1	2020-07-29 08:18:30
30	199	2	2022-08-03 03:08:53
191	21	2	2020-09-04 03:43:08
57	48	2	2021-03-04 02:26:36
63	147	2	2021-11-01 13:59:56
183	22	2	2022-07-11 19:56:58
44	54	1	2021-11-10 08:18:27
194	10	1	2022-01-31 10:57:04
138	92	1	2020-09-13 00:48:15
99	113	1	2022-01-26 09:14:59
79	81	2	2021-09-30 00:33:01
77	42	1	2021-06-05 11:16:32
177	43	2	2021-01-24 22:51:01
19	4	1	2020-10-02 11:29:29
52	49	1	2020-04-09 12:35:22
91	79	1	2022-01-15 18:51:24
51	158	1	2020-11-13 02:07:26
101	22	2	2022-09-03 22:05:59
46	31	1	2021-12-04 05:44:14
196	50	1	2021-07-24 09:33:05
69	26	2	2021-04-13 00:32:26
49	193	2	2020-07-10 01:44:41
4	49	1	2020-08-22 05:02:02
80	48	1	2020-04-16 20:04:19
8	22	2	2020-08-05 11:58:32
124	58	2	2021-11-09 14:08:03
102	185	1	2020-12-08 23:50:27
3	23	1	2021-08-24 19:03:13
79	42	1	2020-04-08 12:50:04
56	195	2	2021-04-09 01:20:30
161	191	1	2021-03-06 09:51:23
16	77	1	2021-03-14 12:24:38
16	96	1	2021-12-31 10:53:54
9	36	2	2020-05-20 15:01:22
187	148	1	2022-06-24 20:49:44
129	166	2	2020-11-29 22:47:05
102	184	2	2021-08-06 04:27:43
9	144	1	2020-07-17 16:50:45
112	199	1	2021-08-11 19:13:00
131	190	2	2022-03-18 11:55:35
172	183	1	2022-08-26 11:08:47
116	88	2	2020-03-10 15:15:12
6	67	1	2021-03-28 08:06:13
143	96	1	2022-01-10 17:45:12
150	8	2	2020-04-07 01:55:56
130	3	2	2022-01-26 15:27:35
90	121	2	2020-02-21 11:56:31
143	38	2	2021-04-06 20:44:08
112	151	1	2022-04-23 19:36:43
188	14	1	2022-05-31 00:03:29
197	81	2	2020-01-11 04:50:28
114	94	1	2020-03-30 13:05:44
117	17	1	2022-01-31 07:14:08
150	34	2	2021-11-01 12:14:32
180	168	2	2020-10-06 23:26:27
107	7	1	2021-06-03 08:18:24
15	57	1	2020-05-28 18:35:33
106	99	1	2021-09-09 02:06:05
194	157	2	2022-01-22 17:14:22
97	70	1	2020-10-28 13:08:12
135	103	1	2020-04-25 17:46:43
127	164	2	2022-08-29 20:03:24
115	69	1	2021-08-28 11:44:53
183	104	1	2020-04-30 19:12:40
3	106	2	2021-01-02 15:43:47
34	157	2	2020-12-09 16:49:54
181	163	2	2021-04-19 15:04:13
147	6	1	2022-07-18 07:25:23
117	83	1	2021-10-18 07:59:46
81	130	2	2022-02-27 16:45:40
169	196	2	2020-11-25 14:56:26
132	43	2	2021-08-15 02:31:38
86	48	1	2021-07-11 21:53:52
44	128	1	2020-05-27 12:54:03
103	83	1	2022-01-19 13:59:29
3	164	2	2020-02-26 21:52:27
190	172	1	2022-05-30 03:38:50
114	22	1	2020-09-16 07:07:01
143	165	1	2022-05-29 13:18:24
176	131	2	2020-10-03 10:10:39
170	90	2	2020-08-20 22:39:28
192	151	2	2020-03-03 07:06:35
163	164	1	2021-10-06 19:46:15
180	178	2	2022-03-18 07:02:10
198	55	1	2021-04-16 13:11:49
54	170	2	2021-02-06 13:51:24
40	119	2	2021-08-16 04:25:24
178	21	2	2020-07-25 14:44:02
46	92	1	2020-10-28 11:09:44
128	94	2	2020-11-14 17:17:09
23	63	1	2022-08-08 18:55:23
3	32	1	2021-05-19 05:26:16
8	57	1	2022-05-14 13:27:57
15	131	2	2021-07-30 21:09:50
116	14	1	2022-03-03 21:01:05
194	15	1	2021-03-10 20:19:45
12	114	2	2021-03-22 13:22:58
146	58	1	2021-02-16 08:15:52
64	151	2	2020-08-25 10:26:47
46	73	1	2022-02-11 02:34:01
\.


--
-- Data for Name: messages_statuses; Type: TABLE DATA; Schema: public; Owner: gb_user
--

COPY public.messages_statuses (id, name) FROM stdin;
1	delivered
2	read
3	not delivered
\.


--
-- Data for Name: messages_users; Type: TABLE DATA; Schema: public; Owner: gb_user
--

COPY public.messages_users (id, from_user_id, to_user_id, body, status_id, created_at) FROM stdin;
1	52	154	Donec felis orci, adipiscing non, luctus sit amet, faucibus ut, nulla. Cras eu tellus eu augue porttitor interdum. Sed auctor odio a purus. Duis elementum, dui quis accumsan convallis, ante	1	2022-02-21 10:23:01
2	79	90	eget mollis lectus pede et risus. Quisque libero lacus, varius et, euismod et, commodo at, libero. Morbi accumsan laoreet ipsum. Curabitur consequat, lectus	1	2020-04-17 03:55:56
3	139	126	fermentum arcu. Vestibulum ante ipsum primis in faucibus orci luctus et ultrices posuere cubilia Curae Phasellus ornare. Fusce mollis. Duis sit amet diam eu dolor egestas rhoncus.	2	2020-10-07 16:50:45
4	176	145	ultrices, mauris ipsum porta elit, a feugiat tellus lorem eu	1	2022-05-27 18:09:10
5	57	157	semper, dui lectus rutrum urna, nec luctus felis purus ac tellus. Suspendisse sed dolor. Fusce mi lorem, vehicula et, rutrum eu, ultrices sit amet, risus. Donec nibh enim, gravida sit amet, dapibus	3	2021-06-07 21:03:53
6	30	103	ultricies sem magna nec quam. Curabitur vel lectus. Cum sociis natoque penatibus et magnis dis parturient montes, nascetur ridiculus mus. Donec dignissim magna a tortor. Nunc commodo auctor velit. Aliquam	1	2022-05-13 05:39:41
7	4	150	Fusce diam nunc, ullamcorper eu, euismod ac, fermentum vel, mauris. Integer sem elit, pharetra ut, pharetra sed, hendrerit a, arcu. Sed et libero. Proin mi. Aliquam gravida mauris ut mi. Duis risus odio, auctor	3	2020-12-19 07:14:35
8	138	70	tempor erat neque non quam. Pellentesque	3	2021-09-17 03:54:22
9	180	33	ornare. In faucibus. Morbi vehicula. Pellentesque tincidunt tempus risus. Donec egestas. Duis ac arcu. Nunc mauris. Morbi non sapien molestie orci tincidunt adipiscing. Mauris molestie pharetra nibh. Aliquam ornare, libero at auctor ullamcorper, nisl arcu iaculis enim,	3	2021-01-06 12:50:36
10	30	67	adipiscing elit. Curabitur sed tortor. Integer aliquam adipiscing lacus. Ut nec urna et arcu imperdiet ullamcorper. Duis at lacus. Quisque purus sapien, gravida non, sollicitudin a, malesuada id, erat. Etiam vestibulum massa rutrum magna. Cras convallis convallis dolor. Quisque tincidunt pede ac urna. Ut tincidunt vehicula risus.	2	2021-07-27 17:32:42
11	97	77	cursus. Integer mollis. Integer tincidunt aliquam arcu. Aliquam ultrices iaculis odio. Nam interdum enim non nisi. Aenean eget metus. In nec orci. Donec nibh. Quisque nonummy ipsum non arcu. Vivamus sit amet risus. Donec egestas. Aliquam nec enim. Nunc ut erat.	2	2020-12-16 22:30:52
12	85	84	ut aliquam iaculis, lacus pede sagittis augue, eu tempor erat neque non quam. Pellentesque habitant morbi tristique senectus et netus et malesuada fames ac turpis egestas. Aliquam fringilla cursus purus. Nullam scelerisque neque sed	3	2021-12-13 19:17:56
13	147	186	et netus et malesuada fames ac turpis	2	2022-06-06 15:21:39
14	168	184	a, malesuada id, erat. Etiam vestibulum	3	2021-01-28 00:57:11
15	146	59	eget ipsum. Suspendisse sagittis. Nullam vitae diam. Proin dolor. Nulla semper tellus id nunc interdum feugiat. Sed nec metus facilisis lorem tristique aliquet. Phasellus fermentum convallis ligula. Donec	2	2020-06-22 17:21:19
16	42	45	purus. Duis elementum, dui quis accumsan convallis, ante	3	2020-04-19 18:31:57
17	88	180	malesuada fames ac turpis egestas. Aliquam fringilla cursus purus. Nullam scelerisque neque sed sem egestas blandit. Nam nulla magna, malesuada vel, convallis in, cursus et, eros. Proin ultrices. Duis volutpat nunc sit amet metus. Aliquam	1	2022-06-03 20:45:36
18	41	174	non lorem vitae odio sagittis semper. Nam tempor diam	1	2021-02-12 12:25:33
19	173	94	Mauris molestie pharetra nibh. Aliquam ornare, libero at auctor ullamcorper, nisl arcu iaculis enim, sit amet ornare lectus justo eu arcu. Morbi sit amet	2	2022-08-26 19:51:22
20	199	99	In faucibus. Morbi vehicula. Pellentesque tincidunt tempus risus. Donec egestas. Duis ac arcu. Nunc mauris. Morbi non sapien molestie orci	1	2022-03-29 13:00:55
21	42	37	vitae mauris sit amet lorem semper auctor. Mauris vel turpis. Aliquam adipiscing lobortis risus.	2	2020-04-19 02:09:11
22	81	14	vitae velit egestas lacinia. Sed	3	2022-07-19 02:13:48
23	31	172	at sem molestie sodales. Mauris blandit enim consequat purus. Maecenas libero est, congue a, aliquet vel, vulputate eu, odio. Phasellus at augue id ante dictum cursus. Nunc mauris elit, dictum eu, eleifend nec, malesuada	1	2021-01-14 01:40:30
24	111	162	a nunc. In at pede. Cras vulputate velit eu sem. Pellentesque ut ipsum ac mi eleifend egestas. Sed pharetra, felis eget varius ultrices, mauris ipsum porta elit, a feugiat tellus	1	2021-02-05 06:05:44
25	193	42	dictum cursus. Nunc mauris elit, dictum eu, eleifend nec, malesuada ut, sem. Nulla interdum. Curabitur dictum. Phasellus in felis. Nulla tempor augue ac ipsum. Phasellus vitae mauris sit amet lorem semper auctor. Mauris vel turpis. Aliquam adipiscing	1	2021-07-05 23:44:53
26	125	177	quis, pede. Suspendisse dui. Fusce diam nunc, ullamcorper eu, euismod ac, fermentum vel, mauris.	2	2020-06-29 03:35:00
27	64	190	magna. Nam ligula elit, pretium et, rutrum non, hendrerit	2	2021-10-29 04:17:57
28	48	106	lorem, luctus ut, pellentesque eget, dictum placerat, augue. Sed molestie. Sed id risus quis diam luctus lobortis. Class aptent taciti sociosqu ad litora torquent per conubia nostra, per inceptos hymenaeos. Mauris ut quam vel sapien imperdiet ornare. In faucibus. Morbi vehicula. Pellentesque tincidunt tempus risus. Donec egestas. Duis	3	2021-03-01 08:17:57
29	143	18	risus quis diam luctus lobortis. Class aptent taciti sociosqu ad litora torquent per conubia nostra, per inceptos hymenaeos. Mauris ut quam vel sapien	2	2022-03-12 22:13:56
30	109	34	erat nonummy ultricies ornare, elit elit fermentum risus, at fringilla purus mauris a nunc. In at pede. Cras vulputate velit eu sem. Pellentesque ut ipsum ac mi eleifend egestas.	3	2021-11-01 18:04:07
31	153	159	amet, consectetuer adipiscing elit. Curabitur sed tortor. Integer aliquam adipiscing lacus. Ut nec urna et arcu imperdiet ullamcorper. Duis at lacus. Quisque purus	3	2020-10-13 06:06:16
32	183	73	massa rutrum magna. Cras convallis convallis dolor. Quisque tincidunt pede ac urna. Ut tincidunt vehicula risus. Nulla eget	2	2021-01-07 08:23:22
33	99	24	mollis vitae, posuere at, velit. Cras lorem lorem, luctus ut, pellentesque eget, dictum placerat, augue. Sed molestie. Sed id risus quis diam	3	2020-09-29 17:18:16
34	39	100	aliquet diam. Sed diam lorem, auctor quis, tristique ac, eleifend vitae, erat. Vivamus nisi. Mauris nulla. Integer urna. Vivamus molestie dapibus ligula. Aliquam erat	2	2022-09-11 03:49:27
35	114	16	nec enim. Nunc ut erat. Sed nunc est, mollis non, cursus non, egestas a, dui. Cras pellentesque. Sed dictum. Proin eget odio. Aliquam vulputate ullamcorper magna. Sed eu eros. Nam consequat dolor vitae dolor. Donec	3	2022-02-12 00:52:08
36	16	119	diam. Proin dolor. Nulla semper tellus id nunc interdum feugiat. Sed nec metus facilisis lorem tristique aliquet. Phasellus fermentum convallis ligula. Donec luctus aliquet odio. Etiam ligula tortor, dictum eu,	1	2020-01-10 21:32:28
37	21	40	eu arcu. Morbi sit amet massa. Quisque porttitor eros nec tellus. Nunc lectus pede, ultrices a, auctor non,	3	2022-02-07 21:06:04
38	175	105	at, iaculis	2	2021-12-22 18:44:29
39	72	30	luctus sit amet, faucibus	2	2022-06-24 01:23:34
40	169	188	elementum, dui quis accumsan convallis, ante lectus convallis est, vitae sodales nisi magna sed dui. Fusce aliquam, enim	3	2020-10-18 13:02:47
41	49	80	volutpat. Nulla dignissim. Maecenas ornare egestas ligula. Nullam feugiat placerat velit. Quisque varius. Nam porttitor scelerisque neque. Nullam	1	2021-11-19 13:24:22
42	163	2	lorem semper auctor. Mauris vel turpis. Aliquam adipiscing lobortis risus. In mi pede, nonummy	2	2021-02-10 07:54:47
43	152	154	amet, consectetuer adipiscing elit. Etiam laoreet, libero et tristique pellentesque, tellus sem mollis dui, in sodales elit erat vitae risus. Duis a mi fringilla mi lacinia mattis. Integer eu lacus. Quisque imperdiet, erat nonummy ultricies ornare, elit elit fermentum risus, at fringilla purus mauris a nunc.	2	2020-05-27 21:07:35
44	82	77	Proin mi. Aliquam gravida mauris ut mi. Duis risus odio, auctor vitae, aliquet nec, imperdiet nec, leo.	3	2021-10-05 04:25:34
45	169	166	eu, accumsan	3	2020-03-11 12:54:23
46	166	144	quis, pede. Praesent eu dui. Cum sociis natoque penatibus et magnis dis parturient montes, nascetur ridiculus mus. Aenean eget magna. Suspendisse tristique neque venenatis lacus. Etiam bibendum fermentum metus. Aenean	2	2022-06-07 02:13:43
47	71	60	Ut tincidunt vehicula risus. Nulla eget metus eu erat semper rutrum. Fusce dolor quam, elementum at, egestas a, scelerisque sed, sapien. Nunc pulvinar arcu et pede. Nunc sed orci lobortis augue scelerisque mollis. Phasellus libero mauris, aliquam eu, accumsan sed, facilisis vitae, orci. Phasellus dapibus quam quis	1	2021-09-16 01:18:40
48	160	21	Donec vitae erat vel pede blandit congue. In scelerisque scelerisque dui. Suspendisse ac metus vitae velit egestas lacinia.	1	2021-08-16 18:12:07
49	78	44	eleifend non, dapibus rutrum, justo. Praesent luctus. Curabitur egestas nunc sed libero. Proin sed turpis nec mauris blandit mattis. Cras eget nisi dictum augue malesuada malesuada. Integer id magna et ipsum cursus vestibulum. Mauris magna. Duis dignissim tempor arcu. Vestibulum ut eros non enim	2	2021-10-27 16:43:08
50	15	125	mauris erat eget ipsum. Suspendisse sagittis. Nullam vitae	1	2020-09-30 20:28:18
51	193	57	tellus justo sit amet nulla. Donec non justo. Proin non massa non ante bibendum ullamcorper. Duis cursus, diam at pretium aliquet, metus urna convallis	2	2021-01-09 12:23:54
52	125	93	sociis natoque penatibus et magnis dis parturient montes, nascetur ridiculus mus. Proin vel nisl. Quisque fringilla euismod enim. Etiam gravida molestie arcu. Sed eu nibh vulputate mauris sagittis placerat. Cras dictum ultricies ligula. Nullam enim. Sed nulla ante, iaculis nec, eleifend non, dapibus rutrum,	2	2021-09-29 16:17:19
53	167	92	nisi dictum augue malesuada malesuada.	1	2020-01-07 20:46:17
54	114	128	gravida molestie	2	2020-02-11 07:14:25
55	195	198	eros nec tellus. Nunc lectus pede, ultrices a, auctor non, feugiat nec, diam. Duis mi enim, condimentum eget, volutpat ornare, facilisis eget, ipsum. Donec sollicitudin adipiscing ligula. Aenean gravida nunc sed pede. Cum sociis natoque penatibus et magnis dis parturient montes, nascetur	3	2020-04-08 15:14:28
56	46	103	semper et, lacinia vitae, sodales at, velit. Pellentesque ultricies dignissim lacus. Aliquam rutrum lorem ac risus. Morbi metus. Vivamus euismod urna. Nullam lobortis quam a felis ullamcorper viverra. Maecenas iaculis aliquet diam. Sed diam lorem, auctor quis, tristique ac, eleifend vitae, erat. Vivamus nisi. Mauris	1	2022-08-23 00:13:16
57	170	199	penatibus et magnis dis parturient montes, nascetur ridiculus mus. Donec dignissim magna a tortor. Nunc commodo auctor velit. Aliquam nisl. Nulla eu neque pellentesque massa lobortis ultrices. Vivamus	3	2020-05-23 04:13:03
58	119	110	Maecenas libero est, congue a, aliquet vel, vulputate eu, odio. Phasellus at augue id ante dictum cursus. Nunc mauris elit, dictum eu, eleifend nec, malesuada ut, sem. Nulla interdum. Curabitur dictum. Phasellus in felis. Nulla tempor augue ac ipsum. Phasellus vitae mauris sit amet lorem semper auctor. Mauris	2	2022-07-10 08:54:08
59	151	65	vestibulum lorem, sit amet ultricies sem magna nec quam. Curabitur vel lectus.	2	2021-03-20 00:48:55
60	100	137	Nulla facilisis. Suspendisse commodo tincidunt nibh. Phasellus nulla. Integer vulputate, risus a ultricies adipiscing, enim mi tempor lorem, eget mollis lectus pede et risus. Quisque libero lacus, varius et, euismod et, commodo at, libero. Morbi accumsan laoreet ipsum. Curabitur consequat, lectus sit amet luctus vulputate, nisi sem semper erat,	2	2021-03-16 21:41:58
61	133	34	penatibus et magnis	2	2021-05-14 17:38:04
62	102	33	semper et, lacinia vitae, sodales at, velit. Pellentesque ultricies dignissim lacus. Aliquam rutrum lorem ac risus. Morbi metus. Vivamus euismod urna. Nullam lobortis quam a felis ullamcorper viverra. Maecenas iaculis aliquet diam. Sed diam lorem,	2	2022-06-25 04:57:40
63	102	13	Morbi sit amet massa. Quisque porttitor eros nec tellus. Nunc lectus pede, ultrices a, auctor non, feugiat nec, diam. Duis mi enim, condimentum eget, volutpat ornare, facilisis eget, ipsum. Donec sollicitudin adipiscing	2	2020-01-04 14:03:22
64	198	159	rutrum magna. Cras convallis convallis dolor. Quisque tincidunt pede ac urna. Ut tincidunt	1	2022-05-01 05:54:00
65	43	96	tempus mauris erat eget ipsum. Suspendisse sagittis. Nullam vitae diam. Proin dolor. Nulla semper tellus id nunc interdum feugiat. Sed nec metus facilisis lorem tristique aliquet. Phasellus fermentum convallis ligula. Donec luctus aliquet odio. Etiam ligula tortor, dictum eu, placerat eget, venenatis	3	2020-03-31 22:49:56
66	59	186	Duis cursus, diam at pretium aliquet, metus urna convallis erat, eget tincidunt dui augue eu tellus. Phasellus elit pede, malesuada vel, venenatis vel, faucibus id, libero. Donec consectetuer mauris id sapien. Cras dolor dolor, tempus non, lacinia at,	1	2020-07-16 05:57:20
67	65	7	non, cursus non, egestas a, dui. Cras pellentesque. Sed dictum.	2	2022-06-26 00:39:21
68	150	189	sapien. Cras dolor dolor, tempus non, lacinia at, iaculis quis, pede. Praesent eu dui. Cum sociis natoque penatibus et magnis dis parturient montes, nascetur ridiculus mus. Aenean eget magna. Suspendisse tristique neque venenatis lacus. Etiam	3	2020-08-19 17:11:49
69	159	184	tincidunt. Donec vitae erat vel pede blandit congue. In scelerisque scelerisque dui. Suspendisse ac metus vitae velit egestas lacinia. Sed congue, elit sed consequat auctor, nunc nulla vulputate dui, nec tempus mauris erat eget ipsum. Suspendisse sagittis.	3	2020-05-21 02:40:11
70	157	126	ornare placerat, orci lacus vestibulum lorem, sit amet	3	2022-03-30 19:02:49
71	124	30	parturient montes, nascetur ridiculus mus. Proin vel nisl. Quisque fringilla euismod enim. Etiam gravida molestie arcu. Sed eu nibh vulputate mauris sagittis placerat. Cras dictum ultricies ligula. Nullam enim. Sed nulla ante, iaculis	1	2021-02-06 13:31:26
72	97	93	Fusce aliquam, enim nec tempus scelerisque, lorem ipsum sodales purus, in molestie tortor nibh sit amet orci. Ut sagittis lobortis	1	2020-06-07 00:06:03
73	138	183	Nunc mauris. Morbi non sapien molestie orci tincidunt adipiscing. Mauris molestie pharetra nibh. Aliquam ornare, libero at auctor ullamcorper, nisl arcu iaculis enim, sit amet ornare lectus justo eu arcu. Morbi sit amet massa. Quisque porttitor eros nec tellus. Nunc lectus pede, ultrices a, auctor non, feugiat	2	2021-07-03 09:59:07
74	44	67	ipsum leo elementum sem, vitae aliquam eros	2	2022-04-06 20:37:00
75	199	141	dignissim pharetra. Nam ac nulla. In tincidunt congue turpis. In	2	2020-12-02 04:03:02
76	131	3	non lorem vitae odio sagittis semper. Nam tempor diam dictum sapien. Aenean massa. Integer vitae nibh. Donec est mauris, rhoncus id, mollis nec, cursus a, enim. Suspendisse aliquet, sem ut cursus luctus, ipsum leo elementum sem, vitae aliquam eros	2	2021-06-28 19:44:07
77	33	75	in, tempus eu, ligula. Aenean euismod mauris eu elit. Nulla facilisi. Sed neque. Sed eget lacus. Mauris non dui nec urna suscipit nonummy. Fusce	3	2021-05-26 03:06:26
78	4	184	dolor, tempus non, lacinia at, iaculis quis, pede. Praesent eu dui. Cum sociis natoque penatibus et magnis dis parturient montes, nascetur ridiculus mus. Aenean eget magna. Suspendisse tristique neque	3	2021-03-20 12:39:20
79	167	81	ante blandit viverra. Donec tempus, lorem fringilla ornare placerat, orci lacus vestibulum lorem, sit amet ultricies sem magna nec quam. Curabitur vel lectus. Cum sociis natoque penatibus et magnis dis parturient	2	2021-08-13 19:09:59
80	54	113	primis in faucibus orci luctus et ultrices posuere cubilia Curae Phasellus ornare. Fusce mollis. Duis sit amet diam	2	2021-07-28 06:45:57
81	175	138	Mauris eu turpis. Nulla aliquet. Proin velit. Sed malesuada augue ut lacus. Nulla tincidunt, neque vitae semper egestas, urna justo faucibus lectus, a sollicitudin orci sem eget massa. Suspendisse eleifend. Cras sed	2	2020-03-26 19:24:39
82	176	58	aliquam arcu. Aliquam ultrices iaculis odio. Nam interdum enim non nisi. Aenean eget metus. In nec orci. Donec nibh. Quisque nonummy ipsum non arcu. Vivamus sit amet	2	2020-10-25 00:21:36
83	21	199	Curabitur consequat, lectus sit amet luctus vulputate, nisi sem semper erat, in consectetuer ipsum nunc id enim. Curabitur massa. Vestibulum accumsan neque et nunc. Quisque ornare tortor at risus. Nunc ac sem ut dolor dapibus	3	2021-08-30 12:59:05
84	90	150	nunc ac mattis ornare, lectus ante dictum mi, ac mattis velit justo nec ante. Maecenas mi felis, adipiscing fringilla, porttitor vulputate, posuere vulputate, lacus. Cras interdum. Nunc sollicitudin commodo ipsum. Suspendisse non leo. Vivamus nibh dolor, nonummy ac, feugiat non, lobortis quis, pede.	3	2020-05-03 07:26:09
85	7	82	ornare sagittis felis. Donec tempor, est ac mattis semper, dui lectus rutrum urna, nec luctus felis purus ac tellus. Suspendisse sed dolor. Fusce mi lorem, vehicula et, rutrum eu, ultrices sit amet, risus. Donec nibh enim, gravida sit amet, dapibus id, blandit at, nisi. Cum	3	2021-03-05 10:20:55
86	140	112	metus facilisis lorem tristique aliquet. Phasellus fermentum convallis ligula. Donec luctus aliquet odio. Etiam ligula tortor, dictum eu, placerat eget, venenatis a, magna. Lorem ipsum dolor sit	1	2020-10-16 12:58:35
87	76	188	malesuada id, erat. Etiam vestibulum massa rutrum magna. Cras convallis convallis dolor. Quisque tincidunt pede	2	2020-01-28 11:11:00
88	146	15	semper erat, in consectetuer ipsum nunc id enim. Curabitur massa. Vestibulum accumsan neque et nunc. Quisque ornare tortor at risus. Nunc ac sem ut dolor dapibus gravida. Aliquam tincidunt, nunc ac mattis ornare, lectus ante dictum mi,	2	2021-11-30 12:50:23
89	38	54	arcu. Aliquam ultrices iaculis odio. Nam interdum enim	3	2021-01-12 03:26:17
90	104	3	Integer mollis. Integer tincidunt aliquam arcu. Aliquam ultrices iaculis odio. Nam interdum enim non nisi.	2	2020-08-09 10:12:25
91	98	74	vel pede blandit congue. In scelerisque scelerisque dui. Suspendisse ac metus vitae velit egestas lacinia. Sed congue, elit sed consequat auctor, nunc nulla vulputate dui, nec tempus mauris erat eget	1	2020-11-05 07:27:58
92	37	70	augue malesuada malesuada. Integer id magna et ipsum cursus vestibulum. Mauris magna. Duis dignissim tempor arcu. Vestibulum ut eros non enim commodo hendrerit. Donec porttitor tellus non magna. Nam ligula elit, pretium et, rutrum non,	3	2020-03-04 00:35:13
93	185	135	Proin ultrices. Duis volutpat nunc sit amet metus. Aliquam erat volutpat. Nulla facilisis. Suspendisse commodo tincidunt nibh. Phasellus nulla. Integer vulputate, risus a ultricies adipiscing, enim mi tempor lorem, eget mollis lectus	1	2022-02-08 19:22:46
94	156	94	at, nisi. Cum sociis natoque penatibus	1	2021-01-20 18:14:15
95	197	53	enim. Mauris quis turpis vitae purus gravida sagittis. Duis gravida. Praesent eu nulla at	3	2022-07-02 08:12:37
96	133	49	non nisi. Aenean eget metus. In nec orci. Donec nibh. Quisque nonummy ipsum non arcu. Vivamus sit amet risus. Donec egestas. Aliquam nec enim. Nunc ut erat. Sed nunc est, mollis non, cursus	1	2021-09-08 20:49:54
97	181	147	nec enim. Nunc ut erat. Sed nunc est, mollis non, cursus non, egestas	2	2021-05-16 10:13:12
98	149	85	neque sed sem egestas blandit. Nam nulla magna, malesuada vel, convallis in, cursus et, eros. Proin ultrices. Duis volutpat nunc sit amet metus. Aliquam erat volutpat. Nulla facilisis. Suspendisse commodo tincidunt nibh. Phasellus nulla. Integer vulputate, risus a ultricies adipiscing, enim mi tempor	2	2022-02-14 23:09:10
99	123	12	aliquet. Proin velit. Sed malesuada augue ut lacus. Nulla tincidunt, neque vitae semper egestas, urna justo faucibus lectus,	1	2021-01-28 00:17:29
100	111	134	et netus et malesuada fames ac turpis egestas. Aliquam fringilla cursus purus. Nullam scelerisque neque sed sem	3	2022-02-25 16:26:43
101	147	95	volutpat. Nulla facilisis. Suspendisse commodo tincidunt nibh. Phasellus nulla. Integer vulputate,	3	2020-12-24 05:41:38
102	62	25	vulputate mauris sagittis placerat.	1	2021-01-05 14:32:01
103	166	88	libero. Proin sed turpis nec mauris blandit mattis. Cras eget nisi dictum augue	1	2020-02-05 02:57:26
104	5	112	Pellentesque habitant morbi tristique senectus et netus et malesuada fames ac turpis egestas. Aliquam fringilla cursus purus. Nullam scelerisque neque sed sem egestas blandit. Nam nulla magna, malesuada vel, convallis in, cursus et, eros. Proin ultrices. Duis volutpat nunc sit amet metus. Aliquam erat	1	2022-07-24 15:26:45
105	70	166	tellus faucibus leo, in lobortis tellus justo sit amet nulla. Donec non justo. Proin non massa non ante bibendum ullamcorper. Duis cursus, diam at pretium aliquet, metus urna convallis erat,	2	2021-05-15 09:53:13
106	182	187	et, rutrum non, hendrerit id, ante. Nunc mauris sapien, cursus in, hendrerit consectetuer, cursus et, magna. Praesent interdum ligula eu enim. Etiam imperdiet dictum magna.	2	2020-12-30 00:31:22
107	194	61	nisi dictum augue malesuada malesuada. Integer id magna et ipsum cursus vestibulum. Mauris magna. Duis dignissim tempor arcu. Vestibulum ut eros non enim	3	2021-06-04 08:46:37
179	166	69	ridiculus mus. Donec dignissim magna a tortor. Nunc commodo auctor velit. Aliquam nisl. Nulla	2	2022-04-06 05:28:56
108	177	104	neque. In ornare sagittis felis. Donec tempor, est ac mattis semper, dui lectus rutrum urna, nec luctus felis purus ac tellus. Suspendisse sed dolor. Fusce mi lorem, vehicula et, rutrum eu, ultrices sit amet, risus. Donec nibh enim, gravida sit amet, dapibus	2	2022-06-07 01:51:04
109	41	102	sit amet ante. Vivamus non lorem vitae odio sagittis semper. Nam tempor diam dictum sapien. Aenean massa. Integer vitae nibh. Donec est mauris, rhoncus id, mollis nec, cursus a, enim. Suspendisse aliquet, sem ut cursus luctus, ipsum leo	2	2020-07-06 09:33:00
110	33	143	quis diam luctus lobortis. Class aptent taciti sociosqu ad litora torquent per conubia nostra, per inceptos hymenaeos. Mauris ut quam vel sapien imperdiet ornare. In faucibus. Morbi vehicula. Pellentesque tincidunt tempus risus. Donec egestas. Duis ac arcu. Nunc mauris. Morbi non sapien molestie orci tincidunt adipiscing. Mauris molestie	2	2020-02-26 17:02:25
111	86	2	Aenean euismod mauris eu elit. Nulla facilisi. Sed neque. Sed eget lacus. Mauris non dui nec urna suscipit nonummy. Fusce fermentum fermentum arcu. Vestibulum ante ipsum primis in faucibus orci luctus et ultrices posuere cubilia Curae Phasellus ornare. Fusce mollis.	2	2021-01-09 14:54:22
112	157	161	enim, condimentum eget, volutpat ornare, facilisis eget, ipsum. Donec sollicitudin adipiscing ligula. Aenean gravida nunc sed pede. Cum sociis natoque penatibus et magnis dis parturient montes, nascetur ridiculus mus. Proin vel arcu eu	1	2020-12-19 16:41:48
113	47	185	arcu. Aliquam ultrices iaculis odio. Nam interdum enim non nisi. Aenean eget	3	2020-03-21 15:31:34
114	47	46	Cras vulputate velit	3	2021-11-03 13:17:56
115	19	157	In tincidunt congue turpis. In condimentum. Donec at arcu. Vestibulum ante ipsum primis in faucibus orci luctus et ultrices posuere cubilia Curae Donec tincidunt. Donec vitae erat vel pede blandit congue. In scelerisque scelerisque dui. Suspendisse ac metus vitae velit egestas lacinia.	2	2021-04-14 02:54:44
116	119	71	magna nec quam. Curabitur vel lectus. Cum sociis natoque penatibus et magnis dis parturient montes,	2	2022-04-21 03:39:02
117	93	40	sem ut cursus luctus, ipsum leo elementum sem, vitae	3	2020-04-21 03:48:26
118	41	69	magnis dis parturient montes, nascetur ridiculus mus. Proin vel nisl. Quisque fringilla euismod enim. Etiam gravida molestie arcu. Sed eu nibh vulputate mauris sagittis placerat. Cras dictum ultricies ligula. Nullam enim. Sed nulla ante, iaculis nec, eleifend non, dapibus rutrum, justo. Praesent luctus. Curabitur egestas nunc sed libero. Proin	3	2021-04-30 03:29:10
119	46	39	sapien molestie orci tincidunt adipiscing. Mauris molestie pharetra nibh. Aliquam ornare, libero at auctor ullamcorper, nisl arcu iaculis enim,	1	2020-10-30 08:41:49
120	195	95	quis, pede. Suspendisse dui. Fusce diam nunc,	1	2022-01-16 10:01:54
121	27	185	ornare, lectus ante dictum mi, ac mattis velit justo nec ante. Maecenas mi felis, adipiscing	1	2020-03-22 01:03:15
122	50	165	Sed eu nibh vulputate mauris sagittis placerat. Cras dictum ultricies ligula. Nullam enim. Sed nulla ante, iaculis nec, eleifend	2	2021-03-01 04:43:44
123	153	21	arcu. Morbi sit amet massa. Quisque	2	2020-10-05 04:49:15
124	64	8	eu eros.	3	2021-10-15 09:17:02
125	133	13	justo faucibus lectus, a sollicitudin orci sem eget massa. Suspendisse eleifend. Cras sed leo. Cras vehicula aliquet libero. Integer in magna. Phasellus dolor elit, pellentesque a, facilisis non, bibendum	2	2020-09-14 23:24:42
126	70	74	penatibus et magnis dis parturient montes, nascetur ridiculus mus. Aenean eget magna. Suspendisse tristique neque venenatis lacus. Etiam bibendum fermentum metus. Aenean sed pede nec ante blandit viverra. Donec tempus, lorem fringilla ornare placerat, orci lacus vestibulum lorem, sit amet ultricies sem magna nec quam. Curabitur	1	2020-08-25 16:45:37
127	109	16	ullamcorper, nisl arcu iaculis	2	2021-04-12 08:00:51
128	26	191	enim. Nunc ut erat. Sed nunc est, mollis non, cursus non, egestas a, dui. Cras pellentesque. Sed dictum. Proin eget odio. Aliquam vulputate	2	2022-08-09 08:31:03
129	193	67	enim, condimentum eget, volutpat ornare, facilisis eget, ipsum. Donec sollicitudin adipiscing ligula. Aenean gravida	3	2021-08-19 01:40:06
130	89	113	enim. Nunc ut erat. Sed nunc est, mollis non, cursus non, egestas	2	2020-11-17 04:16:50
131	161	16	egestas blandit. Nam nulla magna, malesuada vel, convallis in, cursus et, eros. Proin ultrices. Duis volutpat nunc sit amet metus. Aliquam erat volutpat. Nulla facilisis. Suspendisse commodo tincidunt nibh. Phasellus nulla. Integer vulputate, risus a ultricies adipiscing, enim mi	1	2021-11-22 22:44:33
132	45	70	molestie. Sed id risus quis diam luctus lobortis. Class aptent taciti sociosqu ad litora torquent per conubia nostra, per inceptos hymenaeos. Mauris ut quam vel sapien imperdiet ornare. In faucibus. Morbi vehicula. Pellentesque tincidunt tempus risus. Donec	1	2021-10-16 00:52:47
133	199	167	Nullam feugiat placerat velit. Quisque varius. Nam porttitor scelerisque neque. Nullam nisl. Maecenas malesuada fringilla est. Mauris eu turpis. Nulla aliquet. Proin velit. Sed malesuada augue ut lacus. Nulla tincidunt, neque vitae semper egestas, urna justo faucibus lectus, a sollicitudin orci sem eget massa.	2	2020-06-23 23:42:59
134	96	13	arcu. Sed eu nibh vulputate mauris sagittis placerat. Cras dictum ultricies ligula. Nullam enim. Sed nulla ante, iaculis nec, eleifend non, dapibus rutrum, justo. Praesent luctus. Curabitur egestas nunc sed libero. Proin sed turpis nec mauris blandit mattis. Cras eget nisi dictum augue malesuada malesuada. Integer	2	2020-11-22 10:09:54
135	77	56	Sed et libero. Proin mi. Aliquam gravida mauris ut mi. Duis risus odio, auctor vitae, aliquet nec, imperdiet nec, leo. Morbi neque tellus, imperdiet non, vestibulum nec, euismod in, dolor. Fusce feugiat. Lorem ipsum dolor sit amet, consectetuer adipiscing elit. Aliquam auctor, velit eget	2	2022-03-18 01:10:02
136	190	92	natoque penatibus et magnis dis parturient montes, nascetur ridiculus mus. Aenean eget magna. Suspendisse tristique neque venenatis lacus. Etiam bibendum fermentum metus. Aenean sed pede nec ante blandit viverra. Donec tempus, lorem fringilla ornare placerat, orci lacus vestibulum lorem, sit amet ultricies sem magna nec quam. Curabitur	1	2020-10-11 17:16:38
137	149	132	nunc sit amet metus.	2	2022-06-13 21:41:56
138	135	158	pretium et, rutrum non, hendrerit id, ante. Nunc mauris sapien, cursus in, hendrerit consectetuer, cursus et, magna. Praesent interdum ligula eu enim. Etiam imperdiet dictum magna. Ut tincidunt orci quis lectus. Nullam suscipit, est	1	2020-05-13 22:55:48
139	146	34	Sed molestie. Sed id risus quis diam luctus lobortis. Class aptent taciti sociosqu ad	2	2021-02-05 10:50:38
140	142	80	risus. Nulla eget metus eu erat semper rutrum. Fusce dolor quam, elementum at, egestas a, scelerisque	1	2022-04-15 01:10:49
141	21	41	quam quis diam. Pellentesque habitant morbi tristique	2	2020-07-13 07:32:36
177	20	13	non, luctus sit amet, faucibus ut, nulla. Cras eu tellus eu augue porttitor interdum. Sed auctor odio a purus. Duis elementum, dui quis accumsan convallis, ante lectus convallis est, vitae sodales nisi magna sed dui. Fusce aliquam, enim nec tempus scelerisque, lorem ipsum	2	2020-10-16 07:09:56
142	48	179	egestas a, dui. Cras pellentesque. Sed dictum. Proin eget odio. Aliquam vulputate ullamcorper magna. Sed eu eros. Nam consequat dolor vitae dolor. Donec fringilla. Donec feugiat metus sit amet ante. Vivamus non lorem vitae odio sagittis semper. Nam tempor diam dictum sapien. Aenean massa. Integer vitae nibh. Donec est mauris,	2	2021-03-04 12:49:09
143	96	80	Curabitur consequat, lectus sit amet luctus vulputate, nisi sem semper erat, in consectetuer ipsum nunc id enim. Curabitur	2	2021-12-29 00:17:08
144	83	126	quis, tristique ac, eleifend vitae, erat. Vivamus nisi. Mauris nulla. Integer urna. Vivamus molestie dapibus ligula. Aliquam erat volutpat. Nulla dignissim. Maecenas ornare egestas ligula. Nullam feugiat placerat velit. Quisque varius. Nam porttitor scelerisque neque. Nullam nisl. Maecenas malesuada	2	2021-09-15 16:20:11
145	61	75	Nunc sed orci lobortis augue scelerisque mollis. Phasellus libero mauris, aliquam eu, accumsan	2	2020-07-27 19:13:10
146	196	164	tincidunt tempus risus. Donec egestas. Duis ac arcu. Nunc mauris. Morbi non sapien molestie orci tincidunt adipiscing. Mauris molestie pharetra nibh. Aliquam ornare, libero at auctor ullamcorper, nisl arcu iaculis enim, sit amet ornare lectus justo eu arcu. Morbi sit amet massa. Quisque porttitor eros	1	2022-07-24 08:59:13
147	144	54	dictum. Proin eget odio. Aliquam vulputate ullamcorper magna. Sed eu eros. Nam consequat dolor vitae dolor. Donec fringilla. Donec feugiat metus sit amet ante. Vivamus non lorem vitae odio sagittis semper. Nam tempor diam dictum sapien. Aenean massa. Integer vitae nibh. Donec est mauris, rhoncus id, mollis nec, cursus	2	2022-05-21 00:48:34
148	63	63	purus, in molestie tortor nibh sit amet orci. Ut sagittis lobortis mauris. Suspendisse aliquet molestie tellus. Aenean egestas hendrerit	2	2021-09-08 15:20:06
149	119	13	cursus luctus, ipsum leo elementum sem, vitae	2	2021-04-29 05:11:57
150	122	163	consectetuer euismod est arcu ac orci. Ut semper pretium neque. Morbi quis urna. Nunc quis arcu vel quam dignissim pharetra. Nam ac nulla.	2	2022-04-12 21:22:32
151	172	86	ut, pharetra sed, hendrerit a, arcu. Sed et libero. Proin mi. Aliquam gravida mauris ut mi. Duis risus odio, auctor vitae, aliquet nec, imperdiet nec, leo. Morbi neque tellus, imperdiet non, vestibulum nec, euismod in, dolor. Fusce feugiat. Lorem ipsum dolor sit amet, consectetuer adipiscing elit. Aliquam auctor,	2	2020-12-05 21:15:15
152	171	188	luctus vulputate, nisi sem semper erat, in consectetuer ipsum nunc id enim. Curabitur massa. Vestibulum accumsan neque et nunc. Quisque ornare tortor at risus. Nunc ac sem ut dolor dapibus gravida. Aliquam tincidunt, nunc ac mattis ornare,	2	2021-01-08 13:26:07
153	6	3	mi tempor lorem, eget mollis lectus pede et risus. Quisque libero lacus, varius et, euismod et, commodo at, libero. Morbi accumsan laoreet ipsum. Curabitur consequat, lectus sit amet luctus vulputate, nisi sem semper erat, in consectetuer ipsum nunc id enim. Curabitur massa. Vestibulum	1	2021-06-02 20:13:19
154	99	33	mauris eu elit. Nulla facilisi. Sed neque. Sed	3	2020-11-18 01:57:50
155	94	39	sociis natoque penatibus et magnis dis parturient montes, nascetur ridiculus mus. Proin vel arcu eu odio tristique pharetra. Quisque	3	2020-11-25 06:39:32
156	153	85	sit amet ante. Vivamus non lorem vitae odio sagittis semper. Nam tempor diam dictum sapien. Aenean massa. Integer	2	2021-10-22 23:55:34
157	123	103	sed dui. Fusce aliquam, enim nec tempus scelerisque, lorem ipsum sodales purus, in molestie tortor nibh sit amet orci. Ut sagittis	2	2021-10-13 22:56:04
158	132	141	parturient montes, nascetur ridiculus mus. Proin vel nisl. Quisque fringilla euismod enim. Etiam gravida molestie arcu. Sed eu nibh vulputate mauris sagittis placerat. Cras dictum ultricies ligula.	1	2020-11-19 07:56:12
159	144	174	libero. Proin mi. Aliquam gravida mauris ut mi. Duis risus odio, auctor vitae, aliquet nec, imperdiet nec, leo. Morbi neque tellus, imperdiet non, vestibulum nec, euismod in, dolor. Fusce	2	2021-05-24 10:23:36
160	25	131	mauris ipsum porta elit, a feugiat tellus lorem eu metus. In lorem. Donec	2	2022-08-23 10:59:15
161	61	96	risus. In mi pede, nonummy ut, molestie in, tempus eu, ligula. Aenean euismod mauris eu elit. Nulla facilisi. Sed neque. Sed	2	2020-10-24 16:20:15
162	16	30	lacus. Ut nec urna et arcu imperdiet ullamcorper. Duis	3	2021-08-19 15:17:21
163	133	44	pellentesque a, facilisis non, bibendum sed, est. Nunc laoreet lectus quis massa. Mauris vestibulum, neque sed dictum eleifend, nunc risus varius orci, in consequat	2	2020-11-22 13:44:12
164	111	135	et, euismod et, commodo at, libero. Morbi accumsan laoreet ipsum. Curabitur consequat, lectus sit amet luctus vulputate, nisi sem semper erat, in consectetuer ipsum nunc id enim. Curabitur massa.	2	2020-07-12 05:48:58
165	149	21	convallis est, vitae sodales nisi magna sed dui. Fusce aliquam, enim nec tempus scelerisque, lorem ipsum sodales purus, in molestie tortor nibh sit amet orci. Ut sagittis lobortis mauris. Suspendisse aliquet molestie tellus. Aenean egestas hendrerit neque. In ornare	1	2022-01-30 05:12:29
166	102	122	fringilla euismod enim. Etiam gravida molestie arcu. Sed eu nibh vulputate mauris sagittis placerat. Cras dictum ultricies ligula. Nullam enim. Sed nulla ante, iaculis nec, eleifend non, dapibus rutrum, justo. Praesent luctus. Curabitur egestas nunc sed libero. Proin sed turpis nec mauris blandit mattis. Cras eget	2	2021-01-21 21:35:34
167	130	137	felis. Donec tempor, est ac mattis semper, dui lectus	1	2020-10-14 16:15:30
168	115	195	dolor elit, pellentesque a, facilisis non, bibendum sed, est. Nunc laoreet	2	2020-04-10 00:03:32
169	169	81	id, libero. Donec consectetuer mauris id sapien. Cras dolor dolor, tempus non, lacinia at, iaculis quis, pede. Praesent eu dui. Cum sociis natoque penatibus et magnis dis parturient montes,	1	2022-05-08 08:18:49
170	62	15	dapibus gravida. Aliquam tincidunt, nunc ac mattis ornare, lectus	2	2020-02-10 08:45:29
171	68	4	aliquam, enim nec tempus scelerisque, lorem ipsum sodales purus, in molestie tortor nibh sit amet orci. Ut sagittis lobortis mauris. Suspendisse aliquet molestie tellus. Aenean egestas hendrerit neque. In ornare sagittis felis. Donec tempor, est ac mattis semper, dui lectus rutrum urna, nec luctus felis	2	2021-07-09 19:22:51
172	106	11	condimentum eget, volutpat ornare, facilisis eget, ipsum. Donec sollicitudin	1	2022-02-15 02:33:48
173	34	27	accumsan neque et	3	2022-08-17 18:02:38
174	54	100	tortor at risus. Nunc ac sem ut dolor dapibus gravida. Aliquam tincidunt, nunc ac mattis ornare,	2	2022-09-03 10:17:06
175	31	181	mi felis, adipiscing fringilla, porttitor vulputate, posuere vulputate, lacus. Cras interdum. Nunc sollicitudin commodo ipsum. Suspendisse non leo. Vivamus nibh dolor, nonummy ac, feugiat non, lobortis quis, pede.	1	2021-07-28 14:35:33
176	2	55	nibh. Quisque nonummy ipsum non arcu. Vivamus sit amet risus. Donec egestas. Aliquam nec enim. Nunc ut erat. Sed nunc est, mollis non, cursus non, egestas	2	2022-08-15 09:05:38
178	64	46	vel pede blandit congue. In scelerisque scelerisque dui. Suspendisse ac metus vitae velit egestas lacinia. Sed congue, elit sed consequat auctor, nunc	2	2020-01-31 04:31:57
180	194	96	Aliquam adipiscing lobortis risus. In mi pede, nonummy ut, molestie in, tempus eu, ligula. Aenean euismod mauris eu elit. Nulla facilisi. Sed neque. Sed eget lacus. Mauris non	2	2022-05-04 07:43:56
181	35	182	eu odio tristique pharetra. Quisque ac libero nec ligula consectetuer rhoncus. Nullam velit dui, semper et, lacinia vitae, sodales at, velit. Pellentesque ultricies dignissim lacus. Aliquam rutrum lorem ac risus. Morbi metus.	2	2022-03-30 18:42:13
182	176	103	Sed congue, elit sed consequat auctor, nunc nulla vulputate dui, nec tempus mauris erat eget ipsum. Suspendisse sagittis. Nullam vitae diam. Proin dolor. Nulla semper tellus id nunc interdum feugiat. Sed nec metus facilisis lorem tristique aliquet. Phasellus fermentum convallis ligula. Donec	2	2021-03-20 11:52:12
183	130	65	per conubia nostra, per inceptos hymenaeos. Mauris ut quam vel sapien imperdiet ornare. In faucibus. Morbi vehicula. Pellentesque tincidunt	3	2020-05-27 11:18:09
184	180	198	neque pellentesque massa lobortis ultrices. Vivamus rhoncus.	2	2022-05-02 03:33:52
185	121	157	ac arcu. Nunc mauris. Morbi non sapien molestie orci tincidunt adipiscing. Mauris molestie pharetra nibh.	3	2021-10-04 08:47:07
186	83	192	fermentum arcu. Vestibulum ante ipsum primis in faucibus orci luctus et ultrices posuere cubilia Curae Phasellus ornare. Fusce mollis. Duis sit amet diam eu dolor egestas rhoncus. Proin nisl sem, consequat nec, mollis vitae, posuere at, velit. Cras lorem lorem, luctus ut, pellentesque eget, dictum	2	2020-01-06 20:40:40
187	181	109	blandit congue. In scelerisque scelerisque dui. Suspendisse ac metus vitae velit egestas lacinia. Sed congue, elit sed	2	2022-02-12 13:31:34
188	129	22	at pretium aliquet, metus urna convallis erat, eget tincidunt dui augue eu tellus. Phasellus elit pede, malesuada vel, venenatis vel, faucibus id, libero. Donec consectetuer mauris id sapien. Cras dolor dolor, tempus	1	2020-06-06 17:33:42
189	178	164	sit amet risus. Donec egestas. Aliquam nec	3	2021-08-13 22:19:21
190	144	161	nisi a odio semper cursus. Integer mollis. Integer tincidunt aliquam arcu. Aliquam ultrices iaculis odio. Nam interdum	1	2021-11-01 08:34:43
191	196	33	sed dui. Fusce aliquam, enim nec tempus scelerisque, lorem ipsum sodales purus, in molestie tortor nibh	1	2022-03-16 03:36:31
192	138	143	eu neque pellentesque massa lobortis ultrices. Vivamus rhoncus. Donec est. Nunc ullamcorper, velit in aliquet lobortis, nisi nibh lacinia orci, consectetuer euismod est arcu ac orci. Ut semper pretium neque. Morbi quis urna. Nunc	3	2021-11-10 14:06:34
193	56	111	hendrerit id, ante. Nunc mauris sapien, cursus in, hendrerit consectetuer, cursus et, magna. Praesent interdum ligula eu enim. Etiam imperdiet dictum magna.	1	2021-12-28 01:26:34
194	59	58	sit amet, risus. Donec nibh enim, gravida sit amet, dapibus id, blandit at, nisi. Cum sociis natoque penatibus et magnis dis parturient montes, nascetur ridiculus mus. Proin vel nisl. Quisque fringilla euismod enim. Etiam gravida molestie arcu. Sed eu nibh vulputate mauris sagittis placerat. Cras dictum	1	2020-08-09 17:49:22
195	95	84	eros. Nam consequat dolor vitae dolor. Donec fringilla. Donec feugiat metus sit amet ante. Vivamus non lorem vitae odio sagittis semper. Nam tempor	2	2022-06-23 06:51:55
196	51	91	vulputate eu, odio. Phasellus at augue id ante dictum cursus. Nunc mauris elit, dictum eu, eleifend nec, malesuada ut, sem. Nulla interdum. Curabitur dictum. Phasellus in felis. Nulla tempor augue ac ipsum. Phasellus vitae mauris	3	2021-02-26 12:43:17
197	63	45	est arcu ac orci. Ut semper pretium neque. Morbi quis urna. Nunc quis arcu vel quam dignissim pharetra. Nam ac nulla. In tincidunt	1	2020-10-09 23:48:51
198	122	163	per conubia nostra, per inceptos hymenaeos. Mauris ut quam vel sapien imperdiet ornare. In faucibus. Morbi vehicula. Pellentesque tincidunt tempus risus. Donec egestas. Duis ac arcu. Nunc mauris. Morbi non sapien molestie	2	2021-01-07 23:51:10
199	197	37	Aliquam tincidunt, nunc ac mattis ornare, lectus ante	3	2021-10-20 01:41:27
200	56	20	faucibus lectus, a sollicitudin orci sem eget massa. Suspendisse	2	2020-08-10 18:36:08
\.


--
-- Data for Name: photo_channels; Type: TABLE DATA; Schema: public; Owner: gb_user
--

COPY public.photo_channels (id, url, channel_id, description, uploaded_at, size) FROM stdin;
1	https://guardian.co.uk/fr1	76	ac mattis semper, dui lectus rutrum urna, nec luctus felis purus ac tellus. Suspendisse	2020-02-05 03:55:11	137
2	https://ebay.com/fr	102	torquent per conubia	2021-11-05 10:49:30	148
3	http://youtube.com/en-ca1	82	non enim commodo	2021-05-01 20:34:09	405
4	http://walmart.com/user/1102	142	Proin mi. Aliquam gravida mauris ut mi. Duis risus odio, auctor vitae, aliquet nec,	2020-07-08 18:50:31	547
5	http://instagram.com/settings3	87	tincidunt orci quis	2022-04-24 19:17:06	363
6	http://yahoo.com/en-ca	186	eu elit. Nulla facilisi. Sed neque. Sed eget lacus. Mauris non dui nec urna suscipit	2020-12-30 23:46:42	348
7	http://reddit.com/en-ca	195	orci. Ut semper pretium neque. Morbi quis urna. Nunc quis arcu vel quam dignissim	2022-03-15 05:27:34	399
8	http://naver.com/en-us	62	vitae, aliquet nec, imperdiet nec, leo.	2021-11-30 12:57:31	222
9	http://naver.com/settings	49	ullamcorper magna. Sed eu eros. Nam consequat dolor vitae dolor. Donec fringilla. Donec feugiat metus	2021-11-23 08:05:04	559
10	http://facebook.com/sub/cars	185	laoreet posuere, enim	2020-10-18 15:12:43	574
11	http://wikipedia.org/site2	1	molestie orci tincidunt adipiscing. Mauris molestie pharetra nibh. Aliquam ornare, libero at auctor	2020-02-26 11:27:59	677
12	https://yahoo.com/settings3	197	sagittis lobortis mauris. Suspendisse aliquet molestie tellus. Aenean egestas hendrerit neque. In ornare sagittis	2022-02-05 13:56:36	358
13	http://baidu.com/sub	152	interdum enim non nisi. Aenean eget metus. In nec orci. Donec nibh. Quisque nonummy ipsum	2022-02-22 06:35:17	423
14	https://cnn.com/en-ca	34	risus quis diam luctus lobortis. Class aptent	2020-09-15 10:45:22	78
15	http://instagram.com/group/92	15	nibh dolor, nonummy ac, feugiat non, lobortis quis,	2021-09-27 03:34:26	765
16	https://netflix.com/en-us	159	vulputate ullamcorper magna. Sed	2022-04-20 09:18:45	747
17	http://yahoo.com/fr1	1	gravida nunc sed	2022-04-28 12:07:33	871
18	http://instagram.com/en-us	96	a, auctor non,	2020-03-01 19:06:46	277
19	https://baidu.com/group/9	155	mattis. Cras eget nisi dictum augue malesuada	2022-04-24 19:02:19	34
20	https://guardian.co.uk/sub/cars	85	pede. Nunc sed orci lobortis augue scelerisque mollis. Phasellus libero mauris, aliquam eu, accumsan	2022-07-20 01:29:42	541
21	https://whatsapp.com/one2	134	faucibus id, libero. Donec consectetuer mauris	2022-02-14 02:55:21	978
22	https://instagram.com/one	31	facilisis non,	2020-05-02 06:29:37	89
23	https://walmart.com/settings	164	sem, vitae aliquam eros turpis non enim. Mauris quis turpis	2020-03-27 12:50:41	865
24	http://zoom.us/en-us	110	eget massa. Suspendisse eleifend. Cras sed leo. Cras	2020-12-14 11:02:39	321
25	http://walmart.com/fr	28	Nullam scelerisque neque	2021-09-09 17:46:15	652
26	https://baidu.com/en-us2	181	nec, cursus a, enim. Suspendisse aliquet, sem ut cursus luctus, ipsum leo elementum sem, vitae	2021-10-04 01:47:12	956
27	http://pinterest.com/sub/cars	88	ipsum leo elementum sem, vitae	2021-02-05 12:20:08	576
28	https://reddit.com/sub/cars	160	mus. Aenean	2021-01-07 03:05:40	933
29	http://google.com/group/9	122	bibendum fermentum metus. Aenean sed pede nec ante blandit viverra. Donec tempus,	2020-08-23 01:43:51	406
30	http://google.com/settings2	4	tellus lorem eu metus. In lorem. Donec elementum, lorem ut aliquam	2020-09-15 00:27:07	925
31	https://youtube.com/site	194	nunc interdum feugiat. Sed nec metus facilisis lorem tristique	2021-07-29 17:00:22	213
32	http://netflix.com/sub	108	Cras dolor dolor, tempus	2022-04-22 15:36:45	479
33	http://guardian.co.uk/en-us	127	eu dui. Cum sociis natoque penatibus et	2021-08-06 05:08:53	962
34	http://bbc.co.uk/group/9	46	sodales elit erat vitae risus. Duis a mi fringilla	2021-08-25 19:22:02	188
35	https://bbc.co.uk/sub/cars	196	eleifend, nunc	2020-01-13 22:18:33	232
36	https://baidu.com/group/92	194	lobortis quam a felis ullamcorper viverra. Maecenas iaculis aliquet diam. Sed diam	2020-09-08 19:08:40	104
37	http://facebook.com/fr	116	in felis. Nulla tempor augue	2022-06-25 03:48:51	701
38	https://whatsapp.com/group/9	121	nulla vulputate dui, nec	2022-04-03 08:53:49	492
39	http://ebay.com/site	97	erat vel pede blandit congue. In	2021-06-19 10:12:38	377
40	http://google.com/fr	159	nibh dolor, nonummy ac, feugiat non, lobortis quis,	2022-02-19 16:09:01	602
41	http://ebay.com/en-ca	153	elit pede, malesuada vel, venenatis vel, faucibus id, libero. Donec consectetuer mauris id	2021-06-11 20:00:18	759
42	https://baidu.com/site	93	dapibus ligula. Aliquam erat volutpat. Nulla dignissim. Maecenas ornare egestas ligula. Nullam feugiat	2021-12-24 00:43:10	369
43	https://twitter.com/one	165	Sed eu eros. Nam consequat dolor vitae dolor.	2020-03-22 09:27:53	133
44	http://ebay.com/en-us	34	mauris erat eget ipsum. Suspendisse sagittis. Nullam vitae diam.	2022-02-26 18:00:38	270
45	http://guardian.co.uk/site2	136	sit amet diam eu dolor egestas rhoncus. Proin nisl sem, consequat	2021-05-03 18:07:20	502
46	http://google.com/sub/cars	98	parturient	2022-03-07 06:43:47	609
47	http://nytimes.com/one	37	augue ut lacus. Nulla tincidunt, neque vitae semper egestas, urna justo	2022-02-14 04:58:55	932
48	http://baidu.com/en-ca	148	metus. In nec orci. Donec nibh. Quisque nonummy ipsum non	2022-08-28 03:52:11	947
49	http://bbc.co.uk/fr	42	cursus purus. Nullam scelerisque neque sed sem egestas blandit. Nam nulla magna, malesuada	2020-02-27 14:47:51	317
50	https://nytimes.com/one	27	pharetra ut, pharetra sed, hendrerit a, arcu.	2022-03-28 08:01:24	195
51	http://zoom.us/en-ca	75	Praesent eu nulla at sem molestie sodales. Mauris	2022-01-25 10:58:41	992
52	http://cnn.com/site2	165	non enim. Mauris quis turpis vitae purus gravida sagittis. Duis	2022-04-16 09:02:38	831
53	https://google.com/fr	32	arcu. Vestibulum ante ipsum primis in	2022-02-12 07:52:28	366
54	http://yahoo.com/sub2	33	metus. Aliquam erat volutpat. Nulla facilisis.	2020-02-05 23:20:21	389
55	https://whatsapp.com/sub/cars	75	eu, placerat eget, venenatis a, magna. Lorem ipsum dolor sit amet, consectetuer adipiscing	2021-04-04 23:42:10	602
56	http://youtube.com/en-us	1	et risus. Quisque	2020-11-18 18:44:38	710
57	https://walmart.com/site	33	nisi a odio semper	2022-05-01 22:36:08	692
58	http://netflix.com/en-ca	95	facilisis non,	2020-09-21 13:11:23	996
59	http://zoom.us/en-ca2	15	Nunc sed orci lobortis augue scelerisque mollis. Phasellus libero mauris,	2021-12-17 21:57:20	325
60	https://walmart.com/group/9	147	et magnis dis parturient	2021-03-08 05:56:50	179
61	https://cnn.com/fr	194	Proin velit.	2021-08-08 09:34:29	811
62	http://facebook.com/en-us1	37	libero et tristique pellentesque, tellus sem mollis dui, in	2020-02-14 06:30:12	369
63	http://walmart.com/group/9	39	fringilla euismod enim. Etiam gravida molestie arcu. Sed eu	2022-08-29 09:46:18	979
64	http://whatsapp.com/en-ca	18	nunc, ullamcorper eu,	2022-02-19 09:59:02	583
65	https://yahoo.com/settings4	195	luctus felis purus	2020-01-06 21:49:07	833
66	http://wikipedia.org/en-us	171	consectetuer adipiscing elit. Aliquam auctor, velit	2021-10-12 07:31:46	634
67	https://netflix.com/fr2	100	sed tortor. Integer aliquam adipiscing lacus. Ut	2022-01-28 12:27:04	837
68	http://facebook.com/settings	96	eget metus eu erat semper rutrum. Fusce dolor quam, elementum at, egestas a, scelerisque	2022-02-12 01:26:07	403
69	http://google.com/en-us	93	vestibulum nec, euismod in,	2020-07-26 00:35:59	995
70	https://netflix.com/sub/cars	130	massa. Quisque porttitor eros nec tellus. Nunc lectus pede, ultrices a, auctor non,	2021-10-30 04:04:59	346
71	https://yahoo.com/group/9	71	non leo. Vivamus	2020-03-23 14:01:46	623
72	http://zoom.us/en-ca3	10	Curabitur egestas nunc sed libero. Proin sed	2021-07-21 12:36:55	666
73	https://wikipedia.org/fr	188	sit amet nulla. Donec	2021-11-03 01:40:52	157
74	https://walmart.com/user/1102	71	Nunc	2020-02-22 17:57:13	539
75	https://guardian.co.uk/fr2	177	aliquet libero. Integer	2020-05-06 15:37:38	769
76	http://baidu.com/user/110	145	nec urna suscipit nonummy. Fusce fermentum fermentum arcu. Vestibulum ante ipsum primis in	2021-07-18 01:35:23	5
77	http://youtube.com/en-ca2	193	sodales elit	2022-07-16 01:31:55	790
78	http://zoom.us/user/1102	173	lacus. Quisque imperdiet, erat nonummy ultricies ornare, elit elit	2021-05-17 10:15:44	725
79	https://baidu.com/sub/cars	91	condimentum. Donec at arcu. Vestibulum	2021-10-28 17:04:48	285
80	http://bbc.co.uk/en-us	2	egestas a, scelerisque sed, sapien. Nunc	2022-09-02 13:40:59	534
81	http://youtube.com/site	110	Aenean sed	2020-04-10 22:59:31	601
82	https://guardian.co.uk/group/92	18	vestibulum massa rutrum magna. Cras convallis	2020-11-21 06:38:03	180
83	https://wikipedia.org/user/1102	27	fames	2021-12-18 07:39:43	520
84	https://pinterest.com/fr	113	non massa non ante bibendum ullamcorper. Duis cursus, diam at	2022-02-23 16:56:14	359
85	https://ebay.com/sub2	50	lobortis. Class aptent taciti sociosqu ad litora torquent per conubia nostra,	2020-10-07 14:08:42	971
86	http://guardian.co.uk/site1	74	diam. Duis mi enim, condimentum eget, volutpat ornare,	2020-06-01 01:43:32	762
87	https://instagram.com/group/91	64	fringilla, porttitor vulputate, posuere vulputate, lacus. Cras interdum. Nunc sollicitudin	2022-03-28 10:15:17	479
88	https://bbc.co.uk/user/110	189	magna. Cras convallis convallis dolor. Quisque tincidunt pede ac	2020-08-25 22:52:50	338
89	https://facebook.com/user/1101	162	elit, dictum eu, eleifend nec, malesuada ut, sem. Nulla interdum. Curabitur dictum.	2021-02-12 02:16:36	579
90	https://whatsapp.com/settings	195	odio semper cursus. Integer mollis. Integer tincidunt aliquam arcu. Aliquam ultrices	2020-05-19 02:27:46	338
91	http://baidu.com/one	21	tempor arcu. Vestibulum	2021-05-02 13:05:24	626
92	http://wikipedia.org/site1	30	tellus justo sit amet nulla. Donec non justo. Proin non massa non ante bibendum	2020-05-12 10:38:29	115
93	https://yahoo.com/user/110	146	vel	2021-11-29 12:19:28	121
94	https://reddit.com/one1	177	nibh. Aliquam ornare, libero at auctor ullamcorper, nisl arcu iaculis enim,	2020-10-18 20:37:28	406
95	https://reddit.com/one2	8	Praesent eu nulla at sem molestie sodales. Mauris blandit enim	2020-12-18 13:07:11	115
96	https://guardian.co.uk/site	12	velit justo nec ante. Maecenas mi felis, adipiscing fringilla, porttitor vulputate,	2021-03-02 03:54:02	716
97	http://instagram.com/sub/cars	20	orci, in consequat enim diam vel arcu. Curabitur	2022-09-07 11:53:13	526
98	http://instagram.com/group/91	72	est mauris, rhoncus id, mollis nec, cursus a, enim. Suspendisse aliquet, sem ut	2021-06-07 16:55:24	307
99	http://yahoo.com/fr2	76	pede. Cras vulputate velit eu sem. Pellentesque ut ipsum ac mi eleifend	2021-10-16 22:19:00	313
100	https://facebook.com/user/1102	81	placerat velit. Quisque varius. Nam porttitor scelerisque neque. Nullam	2021-06-10 12:02:15	986
101	http://nytimes.com/en-ca	96	elit. Etiam laoreet, libero et	2022-02-19 11:19:53	100
102	http://bbc.co.uk/en-ca1	115	Duis ac arcu. Nunc	2020-03-11 00:47:50	336
103	http://baidu.com/group/92	102	netus et malesuada fames ac turpis egestas. Fusce aliquet	2022-01-25 03:06:34	753
104	http://cnn.com/one1	139	sem, vitae aliquam eros turpis non enim.	2021-11-15 06:04:14	254
105	https://ebay.com/sub1	22	quam. Curabitur vel lectus.	2021-03-23 22:32:49	715
106	http://walmart.com/one	98	eu arcu. Morbi sit	2020-05-26 11:56:54	965
107	https://walmart.com/user/1101	158	ante. Maecenas mi felis, adipiscing fringilla, porttitor vulputate, posuere vulputate,	2020-10-08 11:54:23	754
108	https://whatsapp.com/user/1101	127	risus. Donec egestas. Aliquam nec enim. Nunc ut erat.	2022-01-03 13:05:21	190
109	http://instagram.com/settings1	10	Suspendisse aliquet, sem ut cursus luctus, ipsum leo elementum	2022-02-13 07:16:03	455
110	https://reddit.com/settings	39	ornare.	2021-03-23 17:17:37	412
111	http://instagram.com/user/110	50	vel, convallis in, cursus	2021-07-02 22:43:11	329
112	http://youtube.com/one	87	Nunc mauris	2022-04-29 02:03:56	834
113	http://yahoo.com/fr3	171	arcu. Vestibulum ante ipsum primis in faucibus orci luctus et ultrices posuere cubilia Curae	2020-05-21 00:37:38	237
114	https://bbc.co.uk/en-ca2	182	nec, euismod in, dolor. Fusce feugiat. Lorem ipsum dolor sit amet, consectetuer adipiscing elit. Aliquam	2020-01-06 09:08:52	630
115	https://facebook.com/one	115	sed, hendrerit a, arcu. Sed et libero. Proin mi. Aliquam gravida mauris ut	2022-08-01 03:50:00	1
116	https://whatsapp.com/en-ca	1	nec metus facilisis lorem	2022-07-12 01:20:35	371
117	https://baidu.com/one	121	Nulla facilisis. Suspendisse commodo tincidunt nibh. Phasellus nulla. Integer	2021-12-27 19:05:37	945
118	http://naver.com/one	169	sem eget massa. Suspendisse eleifend. Cras sed leo. Cras vehicula aliquet	2021-07-07 13:34:09	508
119	http://zoom.us/user/1101	150	congue, elit sed consequat auctor, nunc nulla vulputate dui, nec tempus mauris erat eget	2020-07-19 14:42:03	268
120	http://yahoo.com/sub1	35	feugiat nec,	2020-06-25 12:23:00	598
121	http://facebook.com/one	122	velit eget laoreet posuere, enim nisl	2021-09-23 15:20:16	324
122	http://wikipedia.org/sub	61	at sem molestie sodales. Mauris blandit enim consequat purus. Maecenas libero est, congue a,	2022-06-07 12:30:06	180
123	http://bbc.co.uk/en-ca2	72	ridiculus mus. Proin vel	2022-01-08 07:36:39	531
124	https://youtube.com/settings	125	Aliquam auctor, velit eget laoreet posuere, enim nisl elementum purus, accumsan interdum libero	2022-07-21 03:33:57	505
125	http://zoom.us/sub/cars	156	magna. Suspendisse	2022-07-28 08:46:57	137
126	http://instagram.com/sub	125	neque tellus, imperdiet non, vestibulum nec, euismod in, dolor.	2020-06-29 23:17:28	12
127	https://wikipedia.org/user/1101	24	massa. Integer vitae nibh. Donec est mauris, rhoncus id, mollis nec, cursus	2021-09-23 05:11:58	187
128	https://whatsapp.com/user/1102	168	lobortis risus. In mi pede, nonummy ut, molestie in, tempus	2021-11-15 19:29:46	98
129	https://twitter.com/user/1101	11	Sed eget lacus. Mauris non dui nec urna suscipit nonummy.	2022-06-06 21:56:42	702
130	http://yahoo.com/site	34	convallis erat, eget tincidunt dui augue eu tellus. Phasellus elit pede,	2021-02-24 08:26:40	268
131	https://wikipedia.org/en-us	34	dignissim pharetra. Nam	2021-11-02 13:24:44	524
132	https://cnn.com/site	174	Suspendisse sagittis. Nullam vitae diam. Proin dolor. Nulla semper tellus id	2021-06-09 10:05:08	385
133	http://ebay.com/one	162	tristique senectus et netus et malesuada fames ac turpis egestas. Fusce	2020-10-05 07:13:02	335
134	https://guardian.co.uk/group/91	126	mi pede, nonummy ut, molestie in,	2022-07-25 10:57:36	984
135	http://cnn.com/site1	184	ipsum porta elit, a feugiat tellus lorem eu metus. In lorem. Donec elementum,	2022-07-20 06:20:05	178
136	http://pinterest.com/user/110	196	dui. Suspendisse	2022-06-20 03:26:15	176
137	http://yahoo.com/one	63	at augue id ante dictum cursus. Nunc mauris elit, dictum eu, eleifend nec,	2022-07-04 22:27:46	793
138	http://baidu.com/sub/cars	93	accumsan convallis, ante lectus convallis est, vitae sodales nisi	2022-08-13 00:23:26	800
139	https://guardian.co.uk/one	11	pede, malesuada vel,	2021-05-03 13:24:01	27
140	https://ebay.com/site	11	mauris, aliquam eu, accumsan sed,	2022-04-09 20:07:25	177
141	https://instagram.com/group/92	126	mollis vitae, posuere at, velit. Cras	2020-06-11 18:00:50	928
142	http://instagram.com/en-ca	89	interdum enim non nisi. Aenean eget	2020-06-07 06:10:06	919
143	https://bbc.co.uk/en-ca1	26	urna et arcu imperdiet ullamcorper.	2021-11-25 02:36:31	958
144	http://facebook.com/group/9	64	parturient montes, nascetur ridiculus mus. Proin vel nisl. Quisque fringilla euismod enim.	2022-02-04 00:56:31	591
145	http://reddit.com/one	122	dolor elit, pellentesque a, facilisis non, bibendum sed, est. Nunc laoreet	2022-07-30 06:32:57	130
146	https://cnn.com/sub/cars	109	arcu et pede. Nunc sed orci lobortis augue scelerisque mollis. Phasellus libero mauris, aliquam	2022-05-12 04:56:50	478
147	http://naver.com/user/110	189	pharetra. Quisque ac libero	2022-01-26 19:56:07	532
148	http://walmart.com/settings1	81	congue a, aliquet vel, vulputate eu, odio. Phasellus at augue id	2020-02-18 20:50:51	368
149	https://nytimes.com/settings	98	mi pede, nonummy ut, molestie in, tempus eu, ligula. Aenean euismod mauris eu elit.	2020-09-27 21:19:50	667
150	https://naver.com/fr	150	ornare egestas ligula. Nullam feugiat	2020-03-12 19:07:49	27
151	http://reddit.com/sub	132	purus gravida sagittis. Duis gravida. Praesent eu nulla at sem	2021-12-15 16:49:22	967
152	http://guardian.co.uk/one	92	Quisque purus sapien, gravida non, sollicitudin a,	2021-09-04 03:08:48	344
153	http://google.com/user/110	177	amet nulla. Donec non	2022-05-16 13:08:32	333
154	https://instagram.com/en-ca	192	Aliquam rutrum lorem ac risus. Morbi	2020-07-14 12:24:37	720
155	https://wikipedia.org/site	38	nec	2020-03-29 08:00:09	155
156	http://netflix.com/settings	187	pede. Cras vulputate	2020-07-07 23:07:38	642
157	https://pinterest.com/sub/cars	43	nunc sed pede. Cum sociis natoque penatibus	2022-06-17 08:18:48	747
158	http://guardian.co.uk/fr1	143	commodo hendrerit. Donec porttitor tellus non magna.	2020-06-17 14:07:27	662
159	https://naver.com/group/9	103	orci, in consequat	2020-01-24 07:08:43	793
160	http://google.com/settings1	74	blandit enim consequat purus. Maecenas libero est,	2020-03-02 03:44:41	37
161	https://pinterest.com/group/9	116	nunc nulla	2022-02-03 21:45:03	54
162	http://instagram.com/fr1	13	dui, semper et, lacinia vitae, sodales at, velit. Pellentesque ultricies dignissim lacus.	2020-03-24 19:17:11	75
163	http://instagram.com/fr2	73	auctor quis, tristique ac,	2020-10-14 17:50:42	104
164	https://baidu.com/sub1	24	dui, nec tempus mauris erat eget ipsum. Suspendisse sagittis. Nullam vitae diam.	2020-09-08 00:25:56	685
165	http://whatsapp.com/sub/cars	17	nec tellus. Nunc lectus pede, ultrices a, auctor	2021-08-06 19:18:59	977
166	http://nytimes.com/user/110	128	congue turpis. In condimentum. Donec at arcu.	2020-10-07 01:52:38	14
167	https://naver.com/settings	194	pede. Cras vulputate velit	2021-04-01 20:36:01	913
168	https://whatsapp.com/one1	89	ipsum dolor sit amet, consectetuer adipiscing elit. Curabitur sed tortor.	2021-08-07 00:48:53	454
169	https://yahoo.com/settings2	29	amet orci. Ut sagittis lobortis mauris. Suspendisse aliquet molestie tellus. Aenean	2022-03-23 14:50:22	368
170	http://wikipedia.org/one	66	erat. Sed nunc est, mollis non, cursus non, egestas a,	2021-10-11 10:13:41	864
171	https://reddit.com/user/110	192	Proin eget odio. Aliquam vulputate ullamcorper magna. Sed eu eros. Nam consequat dolor vitae dolor.	2021-07-21 19:07:04	506
172	http://facebook.com/en-us2	2	massa.	2020-12-24 13:45:49	342
173	http://walmart.com/user/1101	130	velit. Cras lorem lorem, luctus ut, pellentesque	2020-03-08 16:44:20	799
174	http://yahoo.com/group/9	103	bibendum sed, est. Nunc laoreet lectus quis massa. Mauris vestibulum, neque sed dictum eleifend,	2021-12-27 02:48:50	88
175	https://baidu.com/sub2	15	Maecenas malesuada fringilla est. Mauris eu turpis. Nulla aliquet. Proin velit. Sed	2022-04-19 12:34:34	833
176	https://naver.com/en-us	118	vestibulum lorem, sit amet ultricies sem magna nec quam. Curabitur vel	2020-03-16 21:40:12	932
177	http://instagram.com/settings2	58	nec tempus mauris erat eget ipsum. Suspendisse sagittis. Nullam vitae diam. Proin dolor.	2022-05-23 00:38:06	923
178	http://baidu.com/group/91	22	ultricies ornare, elit elit fermentum risus, at fringilla purus mauris	2020-02-02 07:58:24	109
179	http://twitter.com/settings	74	velit dui,	2022-08-19 04:29:33	489
180	https://nytimes.com/group/9	47	tortor. Nunc commodo auctor velit. Aliquam nisl.	2021-08-13 07:10:45	436
181	https://cnn.com/sub	104	vehicula risus. Nulla eget metus eu	2020-11-21 15:51:00	909
182	https://twitter.com/user/1102	174	et magnis dis parturient montes, nascetur ridiculus mus. Donec dignissim magna a tortor. Nunc commodo	2022-03-28 15:11:17	629
183	https://cnn.com/en-us	142	Pellentesque ut ipsum ac mi eleifend	2020-12-14 08:22:06	113
184	http://reddit.com/fr	26	sit amet, consectetuer adipiscing elit. Etiam laoreet, libero et tristique pellentesque, tellus sem mollis	2021-04-16 04:36:57	690
185	http://baidu.com/settings	113	risus. Nunc ac sem ut dolor	2020-01-27 02:50:40	715
186	https://baidu.com/en-us1	15	at risus. Nunc ac sem ut dolor dapibus gravida. Aliquam tincidunt, nunc ac	2020-06-24 20:42:36	660
187	https://guardian.co.uk/sub	115	risus. Donec egestas. Aliquam nec enim. Nunc ut erat. Sed nunc est,	2022-06-18 20:29:11	7
188	http://baidu.com/en-us	188	nonummy ipsum non arcu. Vivamus sit amet risus. Donec egestas. Aliquam nec enim. Nunc	2020-08-09 11:32:50	427
189	http://naver.com/site	123	vulputate, posuere vulputate, lacus.	2021-10-26 18:49:28	973
190	http://baidu.com/site	73	diam. Duis mi	2020-03-01 23:25:59	848
191	http://cnn.com/one2	151	vel arcu	2021-01-03 22:53:21	7
192	http://guardian.co.uk/fr2	124	tincidunt.	2022-05-30 09:00:22	26
193	http://google.com/site	186	penatibus et magnis dis	2020-03-26 21:20:03	522
194	https://netflix.com/fr1	18	Integer urna.	2022-08-25 12:33:26	616
195	http://whatsapp.com/group/9	169	arcu iaculis enim, sit amet ornare lectus	2020-04-01 23:11:28	481
196	https://twitter.com/sub	170	egestas a, dui. Cras pellentesque. Sed dictum. Proin eget odio.	2020-08-04 13:35:57	405
197	http://pinterest.com/group/9	13	sem elit, pharetra ut,	2021-09-10 07:19:31	880
198	http://walmart.com/settings2	65	in magna. Phasellus dolor elit,	2021-02-23 07:34:54	920
199	http://cnn.com/settings	56	tempus risus. Donec egestas. Duis ac arcu. Nunc mauris. Morbi non sapien molestie orci	2022-06-12 13:16:50	528
200	https://pinterest.com/settings	42	eros. Proin ultrices. Duis volutpat nunc sit amet metus.	2021-11-16 12:31:21	219
\.


--
-- Data for Name: photo_groups; Type: TABLE DATA; Schema: public; Owner: gb_user
--

COPY public.photo_groups (id, url, group_id, description, uploaded_at, size) FROM stdin;
1	http://guardian.co.uk/en-us2	134	placerat, orci lacus vestibulum lorem, sit amet ultricies sem magna nec quam. Curabitur vel	2021-03-02 04:26:31	42
2	https://cnn.com/photo/69	157	facilisis, magna tellus faucibus	2022-04-26 11:43:44	137
3	https://instagram.com/sub1	13	sed consequat auctor, nunc nulla vulputate dui, nec	2021-06-08 05:23:23	430
4	http://twitter.com/photo/6963	132	sagittis felis. Donec tempor, est ac mattis semper, dui lectus rutrum urna,	2022-06-19 04:10:19	532
5	https://google.com/photo/8	146	diam. Sed diam lorem, auctor quis, tristique ac, eleifend vitae, erat. Vivamus nisi.	2022-07-06 00:20:52	416
6	http://twitter.com/sub	21	nec quam.	2020-06-29 12:14:18	991
7	http://instagram.com/photo/6342	121	enim. Sed nulla ante, iaculis nec, eleifend non,	2021-09-06 12:27:15	265
8	https://guardian.co.uk/group/9	148	massa. Integer vitae nibh. Donec est	2020-11-07 12:55:38	418
9	http://yahoo.com/photo/74	37	interdum enim non nisi. Aenean eget	2020-10-22 02:09:19	856
10	https://wikipedia.org/589	58	in, hendrerit consectetuer, cursus	2022-04-20 20:16:56	775
11	https://netflix.com/settings	14	lectus convallis est, vitae sodales nisi magna	2020-05-25 10:21:06	187
12	http://instagram.com/en-us	179	pede, malesuada vel, venenatis vel, faucibus id, libero. Donec consectetuer mauris id sapien. Cras	2020-11-26 11:40:14	325
13	http://bbc.co.uk/one2	11	consequat dolor vitae dolor. Donec fringilla. Donec feugiat metus	2020-04-24 09:37:41	941
14	http://whatsapp.com/photo/9654	150	orci luctus et ultrices posuere cubilia Curae Phasellus ornare. Fusce mollis. Duis sit amet	2020-05-06 22:07:19	202
15	http://naver.com/photo/85	129	est ac mattis	2021-01-15 12:04:16	547
16	https://yahoo.com/en-ca	147	accumsan laoreet ipsum. Curabitur consequat, lectus sit amet luctus vulputate, nisi	2021-01-31 21:59:07	232
17	http://yahoo.com/photo/9654	133	erat eget ipsum. Suspendisse sagittis. Nullam vitae diam.	2020-04-24 21:13:44	42
18	http://twitter.com/photo/547	79	a, magna.	2020-12-24 21:53:26	627
19	https://walmart.com/photo/634	174	Etiam bibendum fermentum metus.	2020-04-12 10:52:51	111
20	http://baidu.com/en-ca	159	gravida	2021-08-16 02:14:43	600
21	https://instagram.com/sub2	182	nibh. Phasellus nulla. Integer	2020-01-01 14:06:46	416
22	http://guardian.co.uk/photo/547	62	neque sed sem egestas blandit. Nam nulla magna, malesuada	2020-06-09 18:39:02	589
23	https://bbc.co.uk/photo/9654	164	sociis	2021-09-18 07:41:48	679
24	http://baidu.com/photo/74	85	tellus, imperdiet non, vestibulum nec,	2021-12-07 00:17:03	540
25	http://zoom.us/589	173	Integer id magna et ipsum cursus vestibulum. Mauris	2020-09-22 22:34:58	284
26	http://walmart.com/fr	46	quam dignissim pharetra. Nam ac nulla. In tincidunt congue turpis. In condimentum.	2021-08-20 01:20:04	926
27	http://instagram.com/one	25	odio a purus. Duis elementum, dui quis accumsan convallis,	2020-05-27 12:09:35	827
28	http://reddit.com/settings	126	varius. Nam porttitor scelerisque neque.	2022-01-22 08:58:39	939
29	https://netflix.com/photo/85	10	dignissim. Maecenas ornare egestas ligula. Nullam	2020-09-06 22:48:44	433
30	https://facebook.com/photo/96541	11	egestas nunc sed	2021-11-19 04:09:30	402
31	https://baidu.com/photo/547	131	sem. Nulla interdum. Curabitur dictum. Phasellus in felis. Nulla	2022-08-13 16:10:02	136
32	http://facebook.com/photo/69	95	Mauris molestie pharetra nibh. Aliquam ornare, libero at	2020-01-19 09:50:48	821
33	http://bbc.co.uk/sub	151	nec quam. Curabitur vel lectus. Cum sociis natoque penatibus et magnis dis parturient montes, nascetur	2022-05-31 19:08:21	422
34	http://baidu.com/fr	146	Aliquam tincidunt, nunc ac mattis ornare, lectus ante dictum mi, ac	2020-09-05 23:47:11	944
35	http://baidu.com/photo/85	162	dui. Fusce aliquam, enim nec tempus scelerisque, lorem ipsum sodales purus, in molestie	2021-03-26 22:12:41	346
36	https://google.com/photo/9654	116	magna. Cras convallis convallis dolor. Quisque tincidunt pede ac urna. Ut tincidunt vehicula risus.	2021-05-29 02:05:30	772
37	https://reddit.com/fr	154	tempor, est ac	2020-06-03 02:18:31	890
38	http://cnn.com/photo/634	66	porttitor scelerisque neque.	2021-02-11 21:12:46	761
39	http://baidu.com/photo/5472	96	lorem fringilla ornare placerat, orci lacus vestibulum lorem, sit amet	2020-12-31 23:22:36	903
40	https://cnn.com/user/110	151	in faucibus orci	2020-08-05 19:01:39	474
41	http://twitter.com/settings	25	facilisis eget,	2022-07-29 21:12:51	549
42	http://naver.com/sub/cars2	30	eu lacus. Quisque imperdiet,	2021-04-14 12:24:59	656
43	https://yahoo.com/fr	5	nonummy ut, molestie in,	2021-09-24 11:00:22	253
44	https://nytimes.com/sub/cars	39	egestas. Aliquam fringilla cursus purus.	2022-05-16 22:31:56	73
45	https://baidu.com/photo/634	115	felis	2022-02-01 03:36:41	10
46	https://whatsapp.com/settings	44	cursus. Nunc mauris elit,	2020-07-06 01:22:36	947
47	http://twitter.com/user/110	166	semper egestas, urna justo faucibus	2020-08-29 18:55:50	945
48	http://whatsapp.com/photo/856	39	enim. Nunc ut erat. Sed nunc	2020-01-16 03:33:04	647
49	http://instagram.com/photo/69	132	ipsum dolor sit amet, consectetuer adipiscing elit. Etiam laoreet, libero et tristique	2021-01-18 17:08:49	336
50	http://youtube.com/sub1	156	nulla. In tincidunt congue turpis. In condimentum. Donec	2021-12-02 04:46:15	501
51	http://ebay.com/photo/8	185	lobortis ultrices. Vivamus rhoncus. Donec	2021-02-01 09:09:38	775
52	https://youtube.com/photo/9654	196	Integer aliquam adipiscing lacus. Ut nec urna et arcu imperdiet ullamcorper.	2020-06-08 22:11:35	299
53	http://instagram.com/site	24	dapibus ligula. Aliquam erat volutpat. Nulla dignissim. Maecenas ornare	2021-04-19 13:24:31	921
54	http://baidu.com/site	61	odio a purus. Duis elementum, dui quis accumsan convallis, ante	2021-11-16 11:02:57	630
55	https://google.com/en-us	120	at, velit. Pellentesque ultricies dignissim lacus. Aliquam rutrum lorem	2020-06-02 12:26:08	298
56	http://wikipedia.org/photo/69	45	ipsum. Phasellus vitae mauris sit amet lorem semper auctor. Mauris	2021-07-25 16:33:42	395
57	http://facebook.com/photo/85	175	Morbi neque tellus, imperdiet non, vestibulum	2020-09-29 13:04:08	728
58	http://reddit.com/photo/69	161	lobortis augue scelerisque mollis. Phasellus libero mauris, aliquam eu, accumsan sed, facilisis	2020-12-15 14:02:45	138
59	https://bbc.co.uk/photo/634	191	Cras lorem lorem, luctus ut, pellentesque eget, dictum placerat, augue. Sed molestie. Sed	2021-09-11 18:29:18	596
60	http://reddit.com/sub	194	dolor. Fusce feugiat. Lorem ipsum dolor sit amet, consectetuer adipiscing elit.	2020-06-07 09:27:44	539
61	https://ebay.com/photo/74	177	Aliquam erat volutpat.	2021-07-18 23:42:36	150
62	https://whatsapp.com/user/1101	99	eu lacus. Quisque imperdiet, erat nonummy	2021-08-04 06:07:23	508
63	http://google.com/589	21	feugiat. Lorem ipsum dolor sit amet, consectetuer adipiscing elit. Aliquam auctor,	2021-03-22 03:30:31	509
64	https://pinterest.com/photo/4	190	primis in faucibus orci luctus et ultrices posuere cubilia Curae Donec tincidunt. Donec	2021-08-16 04:06:28	833
65	https://zoom.us/settings	51	litora torquent per conubia nostra,	2021-11-24 13:41:40	829
66	https://baidu.com/site	23	sit amet, consectetuer adipiscing elit. Curabitur sed tortor. Integer aliquam adipiscing lacus. Ut nec	2022-01-23 13:16:13	165
67	https://twitter.com/photo/8	160	interdum libero dui	2020-09-13 14:30:01	664
68	http://google.com/sub	183	ornare. In faucibus. Morbi vehicula. Pellentesque tincidunt tempus risus. Donec egestas. Duis ac arcu.	2020-07-14 10:45:11	516
69	https://walmart.com/one	63	Duis risus odio, auctor vitae, aliquet nec, imperdiet nec, leo. Morbi neque tellus, imperdiet non,	2022-03-30 03:49:18	395
70	http://walmart.com/group/9	171	augue ut lacus. Nulla tincidunt, neque vitae semper egestas,	2020-03-02 14:41:23	961
71	http://reddit.com/one	7	accumsan laoreet ipsum. Curabitur consequat,	2021-11-12 15:26:44	273
72	https://pinterest.com/photo/634	71	et	2022-02-02 17:47:10	92
73	https://ebay.com/photo/4	30	nec, malesuada ut, sem. Nulla interdum. Curabitur dictum. Phasellus in felis. Nulla tempor augue	2022-03-26 04:40:29	282
74	https://ebay.com/photo/8545	194	quis lectus. Nullam suscipit, est ac	2020-02-12 19:50:03	329
75	https://youtube.com/fr	50	id, ante. Nunc mauris sapien, cursus in, hendrerit consectetuer,	2022-08-06 05:19:15	321
76	https://walmart.com/589	118	mauris	2020-04-25 07:36:29	532
77	https://naver.com/user/110	116	vel lectus. Cum sociis natoque penatibus et magnis dis parturient montes, nascetur	2022-08-27 10:28:19	405
78	https://yahoo.com/settings	142	est ac mattis	2021-12-27 20:38:28	96
79	https://ebay.com/fr	52	Integer vitae nibh. Donec est mauris, rhoncus id, mollis nec, cursus	2022-04-30 01:39:21	743
80	http://yahoo.com/photo/547	12	hymenaeos. Mauris ut quam vel sapien imperdiet	2020-08-10 17:13:05	449
81	http://bbc.co.uk/one1	154	elit, dictum	2020-04-22 23:32:44	5
82	https://reddit.com/en-ca2	157	eleifend vitae, erat. Vivamus nisi. Mauris	2021-06-04 04:45:07	406
83	https://cnn.com/en-ca	161	Nunc lectus pede, ultrices a, auctor non, feugiat	2022-04-13 11:17:41	788
84	https://instagram.com/user/110	68	montes, nascetur ridiculus mus. Proin	2022-05-28 16:48:06	79
85	https://ebay.com/user/110	53	risus. Quisque libero lacus, varius et,	2020-09-01 09:39:48	385
86	http://naver.com/photo/547	160	vehicula aliquet libero. Integer in magna. Phasellus	2022-06-22 06:25:21	810
87	http://bbc.co.uk/fr	165	In scelerisque scelerisque dui. Suspendisse ac metus vitae velit	2021-12-26 18:30:37	975
88	http://ebay.com/photo/634	131	pellentesque massa lobortis ultrices. Vivamus rhoncus. Donec est. Nunc ullamcorper, velit in aliquet lobortis,	2020-09-14 19:39:37	533
89	https://nytimes.com/photo/69	142	erat. Etiam vestibulum massa	2021-08-31 23:58:28	322
90	https://walmart.com/photo/547	91	vel lectus. Cum sociis natoque penatibus et magnis dis parturient montes, nascetur ridiculus	2022-08-25 08:45:58	450
91	https://ebay.com/photo/8541	180	nonummy ultricies ornare, elit	2020-11-28 12:27:37	772
92	http://youtube.com/photo/74	149	ac, feugiat non,	2021-02-20 18:37:51	959
93	https://netflix.com/photo/9654	36	cubilia Curae Phasellus ornare. Fusce mollis. Duis sit	2022-05-19 03:06:42	698
94	http://yahoo.com/user/110	30	dolor quam, elementum at, egestas a,	2022-04-15 16:27:49	600
95	https://wikipedia.org/site	105	lacinia	2020-02-23 23:29:18	190
96	http://youtube.com/user/110	162	sed, est.	2022-08-14 15:31:12	433
97	https://reddit.com/en-ca1	199	ornare. Fusce mollis. Duis sit amet diam eu dolor egestas rhoncus. Proin nisl sem,	2020-02-09 05:24:41	215
98	https://yahoo.com/photo/547	11	mus. Proin	2021-08-14 04:10:31	193
99	http://facebook.com/photo/4	19	tincidunt orci quis lectus.	2022-02-03 13:46:26	551
100	https://zoom.us/en-ca2	136	semper. Nam tempor diam dictum sapien. Aenean massa. Integer vitae nibh.	2020-03-03 04:27:37	833
101	http://youtube.com/sub/cars	190	lorem, vehicula et, rutrum eu, ultrices sit amet, risus. Donec nibh enim, gravida sit	2022-05-01 14:38:38	916
102	http://cnn.com/photo/8	53	fermentum metus. Aenean sed pede nec ante blandit viverra. Donec tempus,	2021-04-05 22:34:16	328
103	https://netflix.com/photo/547	130	est ac mattis semper, dui lectus rutrum urna, nec luctus felis purus ac tellus. Suspendisse	2020-05-15 23:27:13	293
104	https://zoom.us/en-us	46	Curabitur egestas nunc sed libero. Proin sed turpis nec mauris blandit mattis. Cras eget	2020-02-15 01:11:22	761
105	http://twitter.com/photo/6956	120	Aliquam tincidunt, nunc ac mattis ornare,	2022-08-06 14:54:41	732
106	https://bbc.co.uk/group/9	162	semper rutrum. Fusce dolor quam, elementum at, egestas a, scelerisque sed,	2022-05-29 19:54:28	695
107	http://naver.com/photo/4	126	dictum eu,	2020-02-13 16:33:26	753
108	https://zoom.us/user/110	17	urna suscipit nonummy. Fusce fermentum fermentum	2022-04-25 13:13:32	412
109	http://ebay.com/en-ca	1	tellus.	2020-07-17 23:12:09	210
110	http://guardian.co.uk/one1	139	lacus. Quisque purus sapien, gravida non, sollicitudin	2021-04-12 01:51:21	344
111	http://cnn.com/photo/4	64	dapibus ligula. Aliquam	2020-06-29 12:11:48	765
112	https://cnn.com/589	30	id nunc interdum feugiat. Sed	2021-01-29 18:57:03	58
113	https://ebay.com/photo/634	29	sagittis placerat. Cras dictum	2020-11-09 12:15:18	289
114	http://guardian.co.uk/group/9	88	justo. Proin non massa non ante bibendum ullamcorper. Duis cursus, diam at pretium aliquet, metus	2022-03-11 12:32:09	595
115	https://baidu.com/photo/9654	95	Vivamus nibh dolor, nonummy ac, feugiat non, lobortis quis, pede. Suspendisse dui.	2022-04-29 22:31:39	261
116	http://youtube.com/group/9	43	et risus. Quisque libero lacus, varius et, euismod et, commodo at, libero.	2020-06-07 12:38:29	519
117	http://ebay.com/site	161	sed libero. Proin sed turpis	2022-02-22 20:42:26	523
118	https://whatsapp.com/user/1102	179	libero lacus, varius et, euismod et, commodo at,	2021-09-09 10:45:12	100
119	http://baidu.com/sub	167	eget laoreet posuere, enim nisl	2020-01-04 13:28:24	957
120	https://bbc.co.uk/en-us	69	Nulla aliquet. Proin velit. Sed malesuada augue ut lacus. Nulla tincidunt, neque	2022-02-01 06:38:45	262
121	http://twitter.com/en-ca	41	metus urna convallis erat, eget tincidunt dui	2022-02-22 20:08:37	214
122	https://nytimes.com/photo/547	16	eu arcu. Morbi sit amet massa. Quisque porttitor	2021-07-27 11:35:40	424
123	https://netflix.com/photo/69	160	auctor vitae, aliquet nec, imperdiet nec, leo. Morbi	2020-07-16 12:26:29	627
124	http://guardian.co.uk/photo/74	166	eget metus. In nec orci. Donec nibh. Quisque nonummy ipsum non arcu. Vivamus	2021-06-18 09:04:38	211
125	http://nytimes.com/photo/634	80	amet ante. Vivamus non lorem vitae odio sagittis semper. Nam tempor diam dictum sapien.	2020-12-22 21:06:57	393
126	https://whatsapp.com/en-ca	9	parturient montes, nascetur ridiculus mus. Proin vel	2021-12-25 04:50:52	736
127	https://nytimes.com/photo/8	44	Aenean massa. Integer vitae nibh. Donec est mauris, rhoncus	2021-06-02 05:21:44	393
128	https://zoom.us/sub	136	arcu. Vestibulum ante ipsum	2020-08-31 18:35:36	315
129	http://whatsapp.com/589	81	feugiat metus	2020-10-14 21:19:56	878
130	https://instagram.com/photo/85	176	parturient montes, nascetur ridiculus mus. Proin vel	2020-11-21 02:33:47	36
131	https://wikipedia.org/en-us1	138	vitae velit egestas lacinia. Sed	2021-05-24 23:15:34	152
132	https://cnn.com/settings	62	et pede. Nunc sed orci lobortis	2020-04-07 19:24:35	881
133	http://youtube.com/site	97	nisi. Cum sociis natoque penatibus et magnis dis parturient montes,	2020-06-10 04:47:59	397
134	https://baidu.com/en-us	65	lectus pede, ultrices a, auctor non, feugiat nec, diam.	2021-01-30 10:30:50	944
135	https://naver.com/photo/74	182	metus sit amet ante. Vivamus non lorem vitae odio sagittis semper. Nam tempor	2022-02-09 17:28:35	415
136	https://naver.com/one	117	magna, malesuada vel, convallis in, cursus et,	2021-05-14 12:33:48	269
137	http://pinterest.com/en-ca	187	turpis	2021-06-29 21:50:14	28
138	http://naver.com/sub/cars1	189	vulputate mauris sagittis placerat. Cras dictum ultricies ligula. Nullam enim.	2020-10-19 17:24:17	738
139	https://reddit.com/photo/9654	4	tempus scelerisque, lorem ipsum sodales purus, in molestie tortor nibh	2020-06-21 20:03:31	106
140	http://guardian.co.uk/one2	193	senectus et netus et malesuada fames ac turpis egestas. Aliquam	2021-11-25 15:55:50	404
141	http://cnn.com/user/1102	154	cursus. Nunc mauris elit, dictum eu, eleifend nec, malesuada ut, sem.	2021-02-18 22:20:41	670
142	http://ebay.com/user/110	138	Phasellus fermentum convallis ligula. Donec luctus	2020-06-03 12:39:08	146
143	https://pinterest.com/fr	172	ante ipsum primis in faucibus orci luctus et ultrices posuere cubilia	2021-09-24 09:08:10	887
144	https://youtube.com/en-us	55	diam luctus lobortis. Class aptent taciti sociosqu ad	2021-02-14 13:31:49	557
145	http://whatsapp.com/photo/852	17	eget magna. Suspendisse tristique neque venenatis lacus. Etiam bibendum fermentum metus. Aenean sed	2020-01-16 13:23:54	647
146	http://instagram.com/photo/6341	162	eleifend	2021-01-22 12:14:41	270
147	http://netflix.com/en-ca	92	nulla ante, iaculis nec, eleifend non, dapibus rutrum, justo. Praesent luctus.	2020-03-26 03:07:22	565
148	http://youtube.com/sub2	2	felis. Nulla tempor	2020-01-27 21:48:42	480
149	https://instagram.com/one	130	neque venenatis lacus. Etiam bibendum fermentum metus. Aenean sed pede nec	2021-11-27 02:48:09	691
150	https://google.com/site	175	pede. Cras vulputate velit eu sem. Pellentesque ut ipsum ac mi eleifend	2021-03-05 15:36:06	346
151	https://guardian.co.uk/sub	106	dignissim tempor arcu. Vestibulum ut eros non enim commodo hendrerit. Donec porttitor tellus non	2021-06-05 20:56:40	882
152	https://youtube.com/sub	196	nibh sit amet orci. Ut sagittis lobortis mauris. Suspendisse aliquet	2020-05-22 13:07:50	979
153	https://baidu.com/photo/85	185	lacus. Cras interdum. Nunc sollicitudin commodo ipsum. Suspendisse non leo. Vivamus nibh dolor, nonummy	2020-05-02 20:07:26	404
154	http://netflix.com/photo/547	46	porttitor tellus non magna. Nam ligula elit, pretium et, rutrum non, hendrerit	2021-10-23 04:48:07	162
155	https://google.com/user/110	196	sociis natoque penatibus et magnis dis parturient montes, nascetur ridiculus mus. Donec dignissim	2021-05-22 00:05:00	321
156	http://zoom.us/user/110	188	interdum feugiat. Sed nec	2020-05-31 13:22:44	754
157	http://instagram.com/group/9	190	libero. Morbi accumsan laoreet ipsum. Curabitur consequat, lectus sit amet luctus	2020-10-21 05:31:45	878
158	https://instagram.com/photo/8	58	gravida nunc sed pede. Cum sociis natoque penatibus et	2021-12-11 17:22:58	47
159	https://google.com/photo/547	85	volutpat. Nulla dignissim. Maecenas ornare egestas ligula. Nullam feugiat placerat velit. Quisque	2021-04-25 19:17:56	862
160	https://wikipedia.org/photo/8	103	Suspendisse sagittis.	2022-06-15 01:54:35	511
161	https://zoom.us/en-ca1	132	hendrerit neque. In ornare sagittis felis. Donec tempor, est	2021-08-01 21:33:21	373
162	http://yahoo.com/group/92	121	eleifend vitae, erat. Vivamus nisi. Mauris nulla. Integer urna. Vivamus molestie	2021-04-22 20:48:23	441
163	https://walmart.com/fr	151	in consectetuer ipsum nunc id enim. Curabitur massa.	2020-03-25 15:30:41	99
164	https://wikipedia.org/en-us2	37	euismod est arcu ac orci. Ut semper pretium neque.	2020-04-10 01:01:30	378
165	http://pinterest.com/photo/85	151	Proin sed turpis nec mauris blandit mattis. Cras eget nisi dictum augue malesuada	2021-02-11 04:18:42	733
166	http://twitter.com/en-us	150	In scelerisque scelerisque dui. Suspendisse ac metus vitae velit egestas lacinia.	2020-02-17 12:09:49	81
167	https://yahoo.com/photo/8	36	consequat enim diam vel arcu. Curabitur ut odio vel est tempor bibendum. Donec	2020-09-10 07:36:40	328
168	https://whatsapp.com/photo/4	3	montes, nascetur ridiculus mus. Aenean eget magna. Suspendisse	2022-08-17 09:09:33	381
169	https://google.com/photo/634	6	ultricies sem magna nec quam. Curabitur vel lectus. Cum sociis natoque penatibus et	2021-10-01 22:41:21	386
170	https://bbc.co.uk/photo/547	11	a	2022-03-28 01:51:43	61
171	https://wikipedia.org/fr	18	semper et, lacinia vitae, sodales at, velit. Pellentesque ultricies dignissim lacus. Aliquam rutrum lorem	2022-05-29 14:04:54	716
172	https://guardian.co.uk/site	29	ut odio vel est tempor bibendum. Donec felis	2020-05-01 01:15:57	754
173	http://bbc.co.uk/photo/74	91	eleifend. Cras sed leo. Cras vehicula aliquet libero.	2021-05-24 10:39:29	687
174	https://ebay.com/site	43	placerat, augue. Sed molestie. Sed id risus quis diam luctus	2020-07-07 06:09:01	142
175	https://baidu.com/sub	46	eu eros.	2021-07-10 15:25:20	788
176	http://netflix.com/fr	118	luctus felis purus ac tellus. Suspendisse sed dolor. Fusce mi lorem,	2020-11-13 13:52:43	418
177	http://twitter.com/site	131	tellus non magna. Nam ligula elit, pretium et,	2020-02-15 18:54:55	233
178	https://facebook.com/photo/74	136	turpis non enim. Mauris quis turpis	2021-02-01 00:47:13	343
179	http://guardian.co.uk/en-us1	67	molestie dapibus ligula. Aliquam erat volutpat. Nulla dignissim. Maecenas ornare egestas ligula.	2022-01-21 00:37:20	880
180	https://google.com/photo/41	134	vitae velit egestas lacinia. Sed congue, elit sed consequat auctor, nunc nulla	2021-10-23 20:31:35	632
181	http://twitter.com/photo/9654	107	Integer urna. Vivamus molestie dapibus ligula. Aliquam erat volutpat. Nulla dignissim. Maecenas ornare egestas ligula.	2022-04-23 12:52:50	579
182	https://facebook.com/fr	155	ut, nulla. Cras eu tellus eu	2022-09-11 12:20:11	713
183	http://baidu.com/photo/4	189	neque. Nullam ut	2022-04-28 08:20:15	222
184	http://baidu.com/user/110	197	Nunc commodo auctor velit.	2021-07-13 19:23:05	501
185	http://whatsapp.com/photo/634	68	hendrerit a, arcu. Sed	2021-08-29 05:16:16	396
186	https://youtube.com/user/110	88	eget, ipsum. Donec sollicitudin adipiscing ligula. Aenean gravida nunc sed pede. Cum	2022-06-16 23:15:05	831
187	https://facebook.com/photo/96542	20	orci lacus vestibulum lorem, sit amet ultricies sem magna nec quam. Curabitur vel lectus.	2020-01-17 15:33:03	537
188	https://whatsapp.com/sub/cars	8	nec, malesuada ut,	2020-01-12 02:09:47	567
189	http://yahoo.com/group/91	93	tempor lorem, eget mollis lectus pede et risus.	2022-08-06 13:02:22	132
190	https://zoom.us/photo/547	124	convallis dolor. Quisque tincidunt pede ac urna.	2021-07-21 23:07:31	210
191	http://wikipedia.org/photo/547	150	mollis nec, cursus a, enim. Suspendisse aliquet,	2020-02-07 21:38:53	262
192	http://baidu.com/photo/5471	73	vestibulum massa rutrum magna. Cras convallis convallis dolor. Quisque tincidunt pede ac urna. Ut tincidunt	2020-06-17 17:20:49	595
193	https://google.com/photo/42	69	et nunc. Quisque ornare tortor at risus. Nunc ac sem	2020-05-12 14:20:20	736
194	http://cnn.com/user/1101	188	egestas. Fusce aliquet magna	2020-01-10 13:30:34	566
195	http://zoom.us/photo/69	67	ullamcorper, nisl arcu iaculis enim, sit amet ornare	2021-12-17 20:23:09	155
196	http://bbc.co.uk/sub/cars	118	natoque penatibus et	2020-05-21 20:17:42	426
197	https://facebook.com/photo/634	106	libero. Proin sed	2021-10-28 00:53:25	802
198	https://baidu.com/photo/8	142	ornare sagittis felis. Donec tempor, est ac mattis	2020-08-06 05:18:38	901
199	http://zoom.us/settings	101	orci. Donec nibh. Quisque nonummy ipsum	2022-01-23 01:19:51	292
200	http://whatsapp.com/photo/4	171	lorem, eget mollis lectus pede	2021-04-13 19:40:35	821
\.


--
-- Data for Name: photo_users; Type: TABLE DATA; Schema: public; Owner: gb_user
--

COPY public.photo_users (id, url, user_id, description, uploaded_at, size) FROM stdin;
1	http://instagram.com/photo/81	107	ligula eu enim. Etiam	2022-04-04 16:24:24	876
2	http://yahoo.com/fr2	85	est, mollis non, cursus non, egestas a,	2022-04-09 04:08:21	311
3	http://ya.ru/photo/9654	113	dapibus ligula. Aliquam erat volutpat.	2020-10-19 05:38:55	674
4	http://cnn.com/photo/634	123	neque pellentesque massa lobortis	2020-08-23 01:13:41	942
5	https://first.com/en-ca	134	ut ipsum ac mi eleifend egestas. Sed pharetra,	2020-01-20 23:16:03	615
6	https://baidu.com/user/110	137	Sed neque. Sed eget lacus. Mauris non dui	2020-02-28 16:44:55	86
7	https://walmart.com/sub/cars	179	Quisque libero lacus, varius et, euismod et, commodo at,	2021-07-12 23:25:48	399
8	http://bbc.co.uk/photo/692	198	massa non ante bibendum ullamcorper. Duis	2020-06-04 16:48:35	345
9	https://youtube.com/sub/cars	76	Nunc quis arcu vel quam dignissim pharetra. Nam ac nulla. In tincidunt congue	2020-05-05 02:22:14	374
10	https://instagram.com/photo/547	192	erat	2021-02-18 09:03:09	816
11	http://reddit.com/sub2	98	sociosqu ad litora torquent per conubia nostra, per inceptos hymenaeos. Mauris ut quam	2021-08-08 18:12:58	418
12	https://go.com/user/110	104	enim. Mauris quis turpis vitae purus gravida sagittis. Duis gravida. Praesent	2022-01-29 03:21:46	503
13	http://zoom.us/photo/74	47	elit. Etiam laoreet, libero et tristique pellentesque, tellus sem mollis dui, in	2021-04-04 07:09:02	306
14	http://twitter.com/fr	47	aliquet libero. Integer in	2022-04-11 00:00:32	817
15	http://facebook.com/user/1101	185	vitae sodales nisi magna sed dui. Fusce aliquam, enim nec tempus	2021-03-22 04:51:30	619
16	http://go.com/589	182	erat vitae risus. Duis a mi fringilla mi	2020-10-28 10:21:46	627
17	http://weee.com/photo/634	58	magna. Sed eu	2020-04-08 18:49:20	460
18	http://instagram.com/photo/82	90	vulputate velit eu sem. Pellentesque ut ipsum ac mi eleifend egestas. Sed pharetra,	2020-06-07 05:41:09	417
19	http://ebay.com/group/9	78	In nec orci. Donec nibh. Quisque	2022-07-11 22:32:18	467
20	https://walmart.com/photo/9654	153	Integer in magna. Phasellus dolor elit,	2021-02-18 01:43:51	165
21	https://go.com/photo/69	79	dignissim magna a tortor. Nunc commodo auctor velit. Aliquam nisl. Nulla eu neque	2022-08-17 12:48:46	336
22	https://reddit.com/one2	161	dui quis accumsan convallis,	2022-01-25 00:43:52	273
23	http://youtube.com/user/110	180	a, arcu. Sed et libero. Proin mi. Aliquam	2022-04-14 08:03:32	601
24	http://bbc.co.uk/photo/4	115	leo elementum	2021-09-15 17:50:16	972
25	http://cnn.com/user/110	128	gravida	2020-03-22 02:16:42	856
26	https://guardian.co.uk/group/9	9	Quisque fringilla euismod enim. Etiam gravida molestie arcu. Sed eu	2020-10-05 05:41:05	20
27	http://yahoo.com/fr1	33	magna nec quam. Curabitur vel lectus. Cum sociis natoque	2021-08-21 07:45:16	590
28	https://twitter.com/settings	63	tincidunt orci quis lectus. Nullam suscipit, est ac facilisis facilisis,	2021-05-17 08:18:56	687
29	https://pinterest.com/photo/6343	188	ornare, facilisis eget, ipsum. Donec sollicitudin	2020-05-11 00:31:32	476
30	https://cnn.com/photo/8	122	ullamcorper, nisl arcu iaculis enim, sit amet ornare lectus justo eu arcu. Morbi sit	2021-11-23 22:13:14	180
31	http://zoom.us/one	72	cursus et, eros. Proin ultrices. Duis volutpat nunc sit amet metus.	2021-09-17 14:12:07	510
32	http://twitter.com/photo/547	157	Vestibulum ante ipsum primis in faucibus orci luctus et ultrices	2021-04-28 15:20:25	951
33	https://ya.ru/group/9	187	ridiculus mus. Proin vel arcu eu odio tristique pharetra.	2021-01-02 00:52:02	80
34	http://instagram.com/fr	50	arcu et pede. Nunc sed orci lobortis augue scelerisque mollis. Phasellus libero mauris, aliquam	2022-01-30 23:28:27	955
35	http://walmart.com/group/92	86	nulla. In tincidunt congue turpis. In condimentum. Donec at arcu. Vestibulum ante ipsum primis in	2022-03-13 09:15:36	581
36	https://yahoo.com/en-ca	139	id sapien. Cras dolor dolor, tempus non, lacinia at, iaculis quis, pede. Praesent	2021-04-16 08:18:49	869
37	https://bbc.co.uk/photo/85	92	ac arcu. Nunc	2020-07-13 00:47:53	241
38	http://instagram.com/sub	47	ligula. Donec luctus aliquet odio. Etiam	2022-06-11 20:23:56	926
39	http://naver.com/photo/547	149	iaculis enim, sit amet	2021-05-18 06:24:14	240
40	http://google.com/photo/8	12	dolor.	2020-05-29 12:44:46	942
41	https://cnn.com/photo/4	75	sed, sapien. Nunc pulvinar arcu et pede. Nunc sed orci lobortis augue scelerisque mollis.	2022-07-01 09:12:35	315
42	http://ebay.com/en-ca	15	dictum mi, ac mattis	2020-11-21 11:04:56	369
43	http://facebook.com/user/1102	8	cubilia Curae Phasellus ornare. Fusce	2020-06-29 05:10:34	24
44	http://baidu.com/photo/4	50	auctor non, feugiat nec, diam. Duis mi enim,	2020-09-08 15:13:36	834
45	http://netflix.com/fr	88	ridiculus mus. Donec dignissim magna a tortor. Nunc commodo auctor	2021-11-15 13:03:34	974
46	http://wikipedia.org/sub1	61	blandit enim consequat purus.	2020-09-22 15:37:39	591
47	http://whatsapp.com/photo/741	187	ligula. Nullam enim. Sed nulla ante, iaculis nec, eleifend non, dapibus rutrum, justo. Praesent	2021-10-23 04:04:30	144
48	https://guardian.co.uk/en-ca	127	enim. Etiam imperdiet dictum magna.	2022-04-20 14:57:25	989
49	https://wikipedia.org/photo/69	121	mauris ipsum porta elit, a feugiat tellus	2021-09-25 19:34:40	686
50	https://pinterest.com/photo/852	42	cursus, diam at pretium aliquet, metus urna	2022-08-05 10:33:39	109
51	http://tok.com/photo/4	77	et netus et malesuada fames	2021-10-22 16:35:36	329
52	https://weee.com/photo/547	8	dolor. Fusce feugiat. Lorem ipsum dolor sit amet, consectetuer adipiscing elit.	2021-04-29 23:05:03	186
53	http://walmart.com/en-ca	186	venenatis vel, faucibus id, libero. Donec consectetuer mauris id sapien. Cras dolor	2020-02-22 03:26:44	952
54	https://baidu.com/photo/9654	58	iaculis quis, pede. Praesent eu dui. Cum	2020-12-30 17:26:12	736
55	https://reddit.com/photo/547	187	risus. Nunc ac	2020-10-25 22:01:37	704
56	https://twitter.com/sub/cars	45	lorem. Donec elementum, lorem ut aliquam iaculis, lacus pede sagittis	2020-09-14 20:24:55	485
57	https://first.com/photo/4	90	lacinia at, iaculis quis, pede. Praesent eu dui. Cum	2020-02-13 12:57:32	494
58	https://reddit.com/sub/cars	116	rutrum, justo. Praesent luctus. Curabitur	2021-11-15 16:07:01	831
59	http://ya.ru/settings1	105	quis, pede. Praesent eu	2020-05-24 11:46:44	690
60	http://whatsapp.com/photo/9654	154	iaculis nec, eleifend	2020-05-25 04:47:30	315
61	https://ya.ru/sub/cars2	104	non, vestibulum nec, euismod in, dolor. Fusce feugiat. Lorem ipsum dolor sit amet,	2021-12-18 13:52:59	486
62	https://guardian.co.uk/photo/4	160	Nunc commodo auctor velit. Aliquam nisl. Nulla eu neque pellentesque massa lobortis ultrices. Vivamus	2020-11-16 22:57:17	901
63	https://google.com/photo/9654	102	inceptos hymenaeos. Mauris ut quam vel sapien	2021-01-02 14:37:53	807
64	http://google.com/en-us	25	eu nulla at sem molestie sodales. Mauris blandit enim consequat	2020-08-19 12:19:49	452
65	https://walmart.com/group/9	73	odio tristique	2020-09-25 07:04:55	125
66	http://ya.ru/sub	133	et malesuada fames ac turpis	2020-06-10 19:43:01	840
67	http://whatsapp.com/photo/742	25	Morbi accumsan laoreet ipsum. Curabitur consequat, lectus sit amet luctus vulputate, nisi sem semper	2020-06-17 22:46:15	274
68	http://naver.com/en-us	34	sagittis placerat.	2020-11-15 12:55:52	415
69	https://reddit.com/photo/96541	155	Mauris molestie	2022-07-07 09:52:29	322
70	http://reddit.com/photo/851	83	tellus justo sit amet nulla. Donec non justo. Proin non massa non ante bibendum ullamcorper.	2021-01-09 04:28:38	649
71	https://yahoo.com/photo/74	125	Morbi accumsan laoreet ipsum. Curabitur consequat, lectus sit amet luctus	2021-07-02 23:53:05	590
72	https://tok.com/photo/85	185	In lorem. Donec elementum, lorem ut aliquam iaculis,	2022-02-12 07:43:13	950
73	https://walmart.com/one1	72	feugiat	2021-07-19 20:26:37	999
74	http://cnn.com/photo/547	129	varius et, euismod et, commodo at, libero. Morbi accumsan laoreet	2020-09-24 08:44:13	126
75	https://netflix.com/photo/4	185	malesuada fames ac turpis egestas. Fusce aliquet	2020-02-09 15:29:33	892
76	https://bbc.co.uk/5892	111	id magna et ipsum cursus vestibulum. Mauris	2022-09-07 07:10:36	755
77	https://bbc.co.uk/one	56	Fusce mollis. Duis sit amet diam	2020-04-25 15:25:54	296
78	http://instagram.com/one	1	Mauris non dui nec urna suscipit nonummy. Fusce fermentum fermentum arcu.	2022-05-02 14:59:57	602
79	http://bbc.co.uk/photo/691	72	turpis egestas. Fusce	2021-11-20 07:48:17	863
80	https://yahoo.com/photo/634	85	mi fringilla mi lacinia mattis. Integer eu lacus.	2020-12-16 13:56:26	946
81	http://instagram.com/settings	23	volutpat. Nulla facilisis. Suspendisse commodo tincidunt nibh. Phasellus nulla. Integer vulputate, risus	2020-04-20 08:04:12	210
82	http://wikipedia.org/sub2	190	convallis convallis dolor. Quisque	2020-01-09 00:50:58	349
83	http://wikipedia.org/sub/cars	153	viverra. Maecenas iaculis aliquet diam. Sed diam lorem, auctor	2020-08-31 05:49:36	92
84	https://reddit.com/site	148	eleifend non, dapibus rutrum, justo.	2022-01-19 23:55:40	85
85	http://reddit.com/589	124	nisl. Nulla eu neque	2021-01-10 21:06:12	138
86	https://weee.com/photo/9654	169	ornare placerat, orci lacus vestibulum lorem, sit amet ultricies sem magna nec	2022-06-29 01:16:45	324
87	https://weee.com/en-ca	63	posuere vulputate, lacus. Cras interdum. Nunc sollicitudin commodo	2021-09-14 18:46:36	884
88	https://walmart.com/one2	115	egestas blandit. Nam nulla magna, malesuada vel, convallis in, cursus et, eros. Proin	2021-01-30 00:27:47	888
89	http://cnn.com/site	88	ipsum non arcu. Vivamus	2020-09-02 18:59:04	358
90	https://nytimes.com/en-us	37	dolor dolor,	2021-01-02 07:22:39	203
91	https://go.net/fr1	180	sed tortor.	2021-09-06 13:12:07	770
92	https://guardian.co.uk/en-us	74	enim. Mauris quis turpis vitae	2020-05-22 23:48:43	544
93	https://whatsapp.com/photo/8	160	nec orci. Donec nibh. Quisque nonummy ipsum non arcu. Vivamus sit amet risus. Donec egestas.	2020-10-01 00:15:25	23
94	http://facebook.com/photo/547	89	scelerisque neque	2020-05-19 02:32:18	387
95	https://pinterest.com/photo/6341	75	posuere vulputate, lacus. Cras interdum.	2021-07-11 07:08:31	800
96	http://first.com/one	165	nibh lacinia	2020-03-03 19:48:45	283
97	https://netflix.com/en-us	65	Cras	2021-03-12 08:22:40	446
98	http://nytimes.com/fr	41	semper cursus. Integer mollis. Integer tincidunt aliquam arcu. Aliquam	2021-05-31 09:44:18	664
99	http://zoom.us/fr	69	sit amet lorem semper auctor. Mauris vel turpis.	2022-09-02 07:56:37	886
100	http://walmart.com/en-us	103	lacus. Mauris	2022-04-12 03:26:49	818
101	http://baidu.com/en-us	71	massa non ante bibendum ullamcorper. Duis cursus, diam at pretium aliquet,	2021-05-29 17:21:01	664
102	http://tok.com/en-ca	62	vehicula risus. Nulla	2022-01-12 12:52:17	485
103	https://walmart.com/photo/742	151	Fusce aliquam, enim	2020-07-04 05:59:31	685
104	https://instagram.com/settings2	74	auctor vitae, aliquet nec, imperdiet nec, leo.	2022-06-04 21:28:23	349
105	https://tok.com/en-ca	110	risus. Donec egestas. Duis ac arcu. Nunc mauris. Morbi	2021-12-11 17:05:00	417
106	https://nytimes.com/en-ca	70	orci,	2021-10-12 20:10:18	904
107	https://reddit.com/photo/96542	17	mi tempor lorem, eget mollis lectus pede	2021-06-17 22:34:29	288
108	http://yahoo.com/photo/9654	112	ligula tortor, dictum eu,	2022-07-14 04:34:37	79
109	https://bbc.co.uk/photo/634	197	risus quis diam luctus lobortis. Class aptent taciti sociosqu ad litora torquent per conubia nostra,	2020-06-26 13:00:47	4
110	http://zoom.us/photo/6341	22	tellus, imperdiet non, vestibulum nec,	2022-02-04 18:55:30	197
111	http://youtube.com/photo/85	88	convallis, ante lectus convallis est, vitae sodales nisi magna sed	2020-08-16 23:10:25	695
112	http://youtube.com/group/9	128	nisi. Aenean eget metus. In nec orci. Donec nibh. Quisque nonummy	2020-05-29 22:56:10	314
113	https://cnn.com/settings	90	in faucibus orci luctus et ultrices	2022-07-06 13:01:24	240
114	http://wikipedia.org/photo/547	147	justo. Proin non	2021-05-13 21:15:26	562
115	https://reddit.com/fr	74	imperdiet ullamcorper. Duis at lacus. Quisque purus sapien, gravida	2022-04-02 07:08:17	537
116	https://google.com/en-us	140	Duis mi enim, condimentum eget, volutpat ornare, facilisis eget, ipsum.	2020-12-03 07:59:51	908
117	http://reddit.com/en-ca	48	morbi tristique senectus et netus et malesuada fames ac turpis egestas. Aliquam fringilla	2021-02-07 14:18:17	328
118	https://instagram.com/589	33	in molestie tortor nibh sit amet orci. Ut sagittis lobortis mauris.	2021-06-27 00:43:02	928
119	http://tok.com/photo/547	175	risus. Donec egestas. Aliquam nec enim.	2020-01-01 18:23:05	727
120	http://facebook.com/settings	87	justo eu	2020-08-23 15:25:11	773
121	http://baidu.com/site	175	dolor egestas rhoncus. Proin nisl sem, consequat nec, mollis	2020-05-30 13:40:59	825
122	http://ebay.com/photo/547	67	id enim. Curabitur massa. Vestibulum accumsan neque et nunc. Quisque ornare tortor	2020-01-08 21:10:20	754
123	https://twitter.com/en-ca	2	nisl. Quisque fringilla euismod enim. Etiam gravida molestie arcu. Sed eu nibh vulputate mauris	2022-06-23 16:56:51	685
124	http://naver.com/5891	103	porttitor scelerisque	2020-04-23 12:17:04	453
125	https://ya.ru/sub/cars1	13	et	2022-07-13 04:56:17	837
126	http://ya.ru/user/110	129	Nunc pulvinar arcu et pede. Nunc sed orci lobortis augue scelerisque mollis. Phasellus libero	2021-02-25 11:36:01	904
127	http://facebook.com/sub/cars	95	cursus. Integer mollis. Integer tincidunt aliquam arcu. Aliquam ultrices iaculis odio. Nam interdum enim non	2021-09-09 15:29:29	473
128	http://zoom.us/photo/6342	40	Donec elementum,	2021-06-29 06:30:05	862
129	http://naver.com/5892	110	viverra. Donec tempus, lorem fringilla ornare placerat, orci lacus vestibulum lorem, sit amet ultricies sem	2020-09-02 06:11:45	742
130	http://naver.com/photo/85	175	dolor quam, elementum at, egestas a,	2022-08-25 03:26:12	787
131	https://whatsapp.com/589	162	Aliquam auctor, velit eget laoreet posuere, enim nisl elementum purus, accumsan	2020-12-08 23:46:22	35
132	http://guardian.co.uk/photo/634	79	vehicula risus. Nulla eget metus eu erat semper rutrum. Fusce dolor	2021-05-16 20:40:16	290
133	https://reddit.com/sub	133	Maecenas malesuada fringilla est. Mauris eu turpis. Nulla aliquet. Proin velit. Sed	2022-08-27 14:37:49	706
134	http://go.net/589	85	eget, ipsum. Donec sollicitudin adipiscing	2021-03-26 16:33:32	285
135	https://baidu.com/fr	124	sem egestas blandit. Nam nulla magna, malesuada vel, convallis in, cursus et,	2020-02-22 00:45:32	24
136	http://tok.com/group/9	51	sit amet, dapibus id, blandit at, nisi. Cum sociis natoque penatibus et magnis	2021-03-24 15:23:57	116
137	https://google.com/en-ca	116	Sed congue, elit sed consequat auctor,	2021-06-21 09:40:04	403
138	https://naver.com/fr	142	a, dui. Cras pellentesque.	2022-02-24 08:34:54	238
139	http://twitter.com/group/9	128	nibh lacinia orci,	2021-04-30 11:48:54	232
140	https://go.net/photo/74	62	libero est, congue a, aliquet vel, vulputate eu, odio. Phasellus	2021-05-11 09:49:58	580
141	https://reddit.com/one1	29	est, congue a, aliquet vel, vulputate eu, odio. Phasellus at	2022-06-08 18:13:27	422
142	http://netflix.com/settings	73	arcu. Vivamus sit amet risus. Donec egestas. Aliquam nec enim. Nunc ut erat.	2021-09-19 21:30:12	869
143	http://ya.ru/settings2	165	semper cursus. Integer mollis. Integer tincidunt aliquam arcu.	2021-11-24 19:11:17	943
144	http://bbc.co.uk/en-ca	170	lectus ante	2022-04-30 00:33:20	920
145	https://nytimes.com/photo/69	138	Maecenas malesuada fringilla	2020-12-11 02:37:45	631
146	https://instagram.com/en-us	112	arcu. Vestibulum ante ipsum primis in faucibus orci luctus et ultrices	2022-01-10 02:51:34	116
147	https://instagram.com/settings1	142	senectus et netus	2022-03-24 22:58:12	414
148	http://reddit.com/sub1	174	a tortor. Nunc commodo auctor velit. Aliquam nisl. Nulla eu	2022-03-01 16:18:21	680
149	http://guardian.co.uk/sub	66	nibh sit	2020-06-21 13:16:39	695
150	http://yahoo.com/sub	16	Etiam imperdiet dictum magna. Ut tincidunt orci quis lectus. Nullam	2022-05-28 07:45:56	308
151	https://tok.com/settings	195	Sed congue, elit sed	2022-08-28 10:01:38	744
152	http://yahoo.com/en-ca	96	sem. Pellentesque ut ipsum ac mi eleifend egestas. Sed pharetra, felis eget	2021-08-20 15:39:01	153
153	http://whatsapp.com/589	35	gravida. Aliquam tincidunt, nunc ac mattis ornare, lectus ante dictum mi, ac	2022-08-10 14:53:06	936
154	https://weee.com/589	29	enim nec	2021-10-29 21:03:37	377
155	http://bbc.co.uk/photo/547	159	Suspendisse dui. Fusce diam nunc, ullamcorper eu, euismod ac, fermentum vel, mauris. Integer	2022-08-24 19:14:45	995
156	https://go.com/sub	103	metus eu erat semper rutrum. Fusce dolor quam, elementum at, egestas a, scelerisque	2022-01-03 03:41:11	130
157	https://weee.com/en-us	179	sodales purus, in molestie tortor nibh sit amet orci. Ut sagittis lobortis mauris.	2022-06-16 09:44:25	613
158	https://google.com/589	139	ipsum ac mi eleifend egestas. Sed pharetra,	2022-09-09 06:05:54	160
159	http://reddit.com/photo/852	138	neque sed dictum eleifend, nunc risus varius	2021-07-15 06:19:38	413
160	http://youtube.com/sub	102	eu, placerat eget, venenatis a, magna. Lorem ipsum dolor	2021-12-10 05:08:52	96
161	https://tok.com/sub	138	lorem vitae odio sagittis semper. Nam tempor diam dictum sapien. Aenean massa.	2020-02-21 05:06:07	282
162	https://naver.com/photo/4	8	vulputate eu, odio. Phasellus at augue id ante	2021-09-30 23:58:43	126
163	https://weee.com/photo/69	158	nibh. Donec est mauris, rhoncus id,	2020-05-23 10:33:25	483
164	http://go.net/photo/547	188	elit fermentum risus, at fringilla purus mauris a nunc. In at pede. Cras	2021-04-16 16:57:49	995
165	https://pinterest.com/photo/851	2	ut quam vel sapien imperdiet ornare. In	2020-03-07 16:26:40	588
166	http://ebay.com/user/110	25	mi enim, condimentum eget, volutpat ornare, facilisis eget, ipsum. Donec sollicitudin adipiscing ligula.	2020-08-04 16:11:36	334
167	https://whatsapp.com/sub/cars	190	primis in faucibus orci luctus et ultrices	2020-09-10 18:23:09	150
168	http://walmart.com/photo/69	143	gravida mauris ut mi.	2022-07-13 13:30:22	593
169	http://walmart.com/group/91	105	et risus. Quisque libero lacus, varius et, euismod et, commodo at, libero. Morbi	2021-04-05 04:36:56	669
170	https://ebay.com/photo/634	180	Nulla eget metus eu erat semper rutrum. Fusce dolor	2021-08-10 00:21:25	808
171	https://google.com/group/9	51	et nunc. Quisque	2020-10-17 22:14:23	242
172	https://zoom.us/site	33	felis. Donec tempor, est ac mattis semper, dui lectus rutrum urna,	2020-04-19 06:03:04	231
173	https://go.net/fr2	115	tellus. Phasellus elit pede, malesuada vel,	2021-03-15 05:37:00	515
174	http://naver.com/photo/8	53	Sed id risus quis diam luctus	2020-09-12 16:07:18	858
175	http://weee.com/en-ca	181	facilisi. Sed neque. Sed eget lacus.	2021-06-17 17:09:11	856
176	https://zoom.us/en-us	118	elit. Nulla facilisi. Sed neque. Sed eget lacus.	2020-12-11 04:36:43	903
177	http://twitter.com/user/110	62	Praesent eu nulla at sem molestie sodales. Mauris blandit enim consequat purus.	2021-05-11 15:11:46	369
178	http://facebook.com/group/9	16	aliquam eu, accumsan sed, facilisis vitae, orci. Phasellus dapibus quam quis diam.	2020-07-30 07:28:35	359
179	http://yahoo.com/photo/85	71	Curabitur consequat,	2022-01-02 02:21:49	260
180	https://netflix.com/photo/85	125	ut lacus. Nulla tincidunt, neque vitae semper egestas, urna	2022-08-01 03:27:49	869
181	http://bbc.co.uk/sub	138	ultricies sem	2021-08-19 09:44:11	949
182	http://netflix.com/photo/69	148	tellus. Aenean egestas hendrerit neque. In ornare sagittis	2021-03-10 02:22:35	999
183	https://walmart.com/photo/741	189	ut, nulla. Cras eu tellus eu augue porttitor interdum. Sed auctor odio a	2022-03-15 09:01:24	321
184	https://walmart.com/photo/85	16	mi tempor lorem, eget mollis lectus pede et risus. Quisque libero lacus, varius et,	2022-01-01 15:44:51	537
185	https://whatsapp.com/photo/69	181	egestas. Aliquam nec enim. Nunc ut erat. Sed nunc est, mollis non, cursus non,	2022-04-24 14:58:00	1000
186	http://cnn.com/sub/cars	58	turpis non enim. Mauris quis turpis vitae purus gravida sagittis. Duis	2021-08-08 14:04:32	290
187	https://ya.ru/settings	18	nunc ac mattis ornare,	2022-06-01 19:47:58	412
188	https://pinterest.com/photo/6342	146	fermentum fermentum arcu. Vestibulum ante ipsum primis in faucibus orci luctus et ultrices posuere	2020-06-01 05:27:48	93
189	https://go.net/group/9	88	fringilla mi lacinia mattis. Integer eu lacus. Quisque imperdiet, erat nonummy ultricies	2021-08-24 13:31:28	483
190	https://ya.ru/photo/69	181	varius. Nam porttitor scelerisque neque. Nullam nisl. Maecenas malesuada fringilla	2020-11-17 01:47:34	990
191	http://bbc.co.uk/photo/85	198	morbi tristique senectus et netus et malesuada fames ac	2020-04-12 14:07:32	929
192	http://zoom.us/photo/6343	8	enim. Curabitur massa. Vestibulum accumsan neque et nunc. Quisque ornare tortor at risus. Nunc ac	2020-03-22 02:58:45	289
193	https://twitter.com/fr	113	nonummy. Fusce fermentum	2020-04-28 05:45:56	811
194	https://baidu.com/site	187	egestas, urna justo faucibus lectus, a sollicitudin orci	2021-04-15 22:17:04	254
195	http://walmart.com/user/110	109	Nulla	2020-05-30 18:00:38	820
196	https://netflix.com/one	19	nisi a odio semper	2021-11-25 19:39:09	310
197	http://youtube.com/en-us	30	pede. Praesent eu dui. Cum sociis natoque penatibus et magnis dis parturient montes, nascetur	2020-10-02 05:27:22	758
198	https://walmart.com/589	37	at fringilla purus mauris	2021-09-18 01:11:14	388
199	https://bbc.co.uk/5891	31	est ac mattis semper, dui lectus	2021-08-03 05:23:41	619
200	https://yahoo.com/photo/85	45	fermentum arcu. Vestibulum ante ipsum primis in	2020-12-17 07:09:24	635
\.


--
-- Data for Name: statuses_users; Type: TABLE DATA; Schema: public; Owner: gb_user
--

COPY public.statuses_users (id, name) FROM stdin;
1	take
2	pending
\.


--
-- Data for Name: users; Type: TABLE DATA; Schema: public; Owner: gb_user
--

COPY public.users (id, first_name, last_name, nick_name, phone, info, main_photo_id, created_at) FROM stdin;
1	Noel	Snider	nec	(527) 808-6334	nec ante.	144	2020-06-07 12:56:04
2	Honorato	Burgess	luctus	(238) 741-8733	sagittis.	82	2022-06-05 17:36:28
3	Cooper	Simon	malesuada	(982) 892-9652	Phasellus dolor elit, pellentesque a, facilisis	62	2020-07-23 05:17:42
4	Christian	Levy	sed	(674) 984-6667	Ut nec urna et arcu imperdiet ullamcorper. Duis at lacus. Quisque	190	2021-07-14 07:31:33
5	Jarrod	Dotson	ligula.	(613) 696-0417	eu augue porttitor interdum. Sed auctor	131	2022-09-08 18:03:14
6	Lucas	Montgomery	pharetra.	(737) 482-1123	urna justo faucibus lectus, a sollicitudin orci sem eget massa. Suspendisse eleifend. Cras	18	2020-09-13 13:10:07
7	Danielle	Suarez	at	(357) 387-2717	at auctor ullamcorper, nisl arcu iaculis enim, sit amet	174	2020-07-09 09:45:43
8	Amy	Pittman	Cras	(926) 786-4846	non, vestibulum nec, euismod in,	94	2022-04-17 03:01:18
9	Paula	Holt	Suspendisse	(227) 262-8847	odio	84	2020-11-01 13:50:40
10	Uma	Castro	mi.	(608) 482-8227	molestie sodales. Mauris blandit enim consequat purus. Maecenas libero est, congue a,	81	2022-07-04 12:55:34
11	Arthur	Rollins	Nulla	(482) 521-8868	risus. In mi pede, nonummy ut, molestie in, tempus eu, ligula. Aenean euismod mauris	19	2021-11-24 19:05:34
12	Zeus	Walton	Nam	(513) 370-2855	velit. Sed	43	2020-01-15 03:18:26
13	Delilah	Walker	ut	(945) 254-7450	ullamcorper, velit in aliquet lobortis, nisi nibh lacinia orci, consectetuer euismod	101	2022-04-25 13:47:01
14	Deacon	Flores	non	(657) 654-3331	Ut nec urna et arcu imperdiet ullamcorper. Duis at lacus. Quisque purus	54	2021-11-14 17:04:21
15	Echo	Carroll	tincidunt,	(500) 812-0183	Nullam suscipit, est ac facilisis	181	2020-09-04 23:02:30
16	Troy	Gallagher	cursus	(698) 156-2074	dictum mi, ac mattis velit justo nec ante.	164	2022-04-13 18:07:07
17	Mariko	Fox	lorem,	(369) 238-0219	tincidunt dui augue eu tellus. Phasellus elit pede, malesuada	165	2021-03-17 06:31:00
18	Ori	Humphrey	sem	(652) 432-0664	blandit mattis. Cras eget nisi dictum augue malesuada malesuada. Integer id	174	2022-04-17 02:46:24
19	Rafael	Charles	nec	(186) 355-5477	Cras sed leo. Cras vehicula aliquet libero. Integer in magna.	180	2020-09-22 21:47:37
20	Melodie	Rios	volutpat.	(416) 591-8375	nisi a odio semper cursus. Integer mollis. Integer	39	2021-12-05 20:57:34
21	Tanek	Fuller	arcu.	(234) 856-4959	Duis volutpat nunc sit amet metus.	141	2021-02-22 06:42:59
22	Erich	Harris	magna	(738) 761-1217	congue turpis. In	37	2021-06-21 19:33:31
23	Orla	Malone	Nunc	(642) 814-7256	blandit congue. In scelerisque scelerisque	90	2020-04-12 22:24:50
24	Nehru	Dale	non	(245) 740-3676	nibh vulputate mauris	177	2022-06-05 17:43:17
25	Sharon	Brock	pharetra	(549) 163-0187	fringilla mi lacinia mattis. Integer	102	2020-01-29 11:44:15
26	Clare	Lott	ultricies	(696) 114-8033	a tortor. Nunc commodo auctor velit. Aliquam nisl. Nulla eu neque	20	2020-10-28 11:14:56
27	Richard	Farrell	Proin	(675) 849-2468	adipiscing elit. Aliquam auctor, velit eget	2	2020-02-22 19:48:12
28	Hayden	Norman	a	(908) 868-4359	lectus ante dictum mi,	62	2021-07-15 20:48:34
29	Meghan	Ewing	sapien.	(755) 978-5143	interdum ligula eu enim. Etiam imperdiet dictum	59	2020-01-18 10:05:53
30	Brandon	Bryan	hendrerit	(473) 885-6966	Mauris non dui	109	2020-09-02 12:40:09
31	Melanie	Santos	Morbi	(651) 648-5340	cursus luctus,	188	2022-01-21 09:58:21
32	Denton	Parsons	Nunc	(272) 251-3113	dolor. Fusce mi lorem, vehicula	177	2020-07-29 13:33:45
33	Faith	Burris	amet,	(358) 417-0668	feugiat nec, diam. Duis mi enim, condimentum eget, volutpat ornare, facilisis eget,	180	2021-04-23 23:32:09
34	Jarrod	Sims	parturient	(456) 356-8429	eu, odio. Phasellus at augue id ante dictum cursus. Nunc	17	2021-04-15 12:34:31
35	Merrill	Gardner	tempus	(283) 243-4042	eros turpis	76	2022-03-22 05:38:48
36	Evangeline	King	sagittis.	(734) 883-7585	sed pede. Cum sociis natoque penatibus et magnis dis parturient	60	2021-01-15 07:13:58
37	Mollie	Bryan	ligula.	(323) 768-2475	vulputate,	167	2021-10-26 23:44:19
38	Erica	Workman	eget	(651) 718-4249	est. Mauris eu turpis. Nulla aliquet. Proin velit. Sed	140	2020-04-16 11:34:09
39	Davis	Lawson	eu,	(598) 277-1315	fermentum arcu. Vestibulum ante ipsum primis in faucibus orci luctus et ultrices posuere cubilia Curae	47	2020-12-29 12:58:16
40	Malik	Michael	malesuada	(986) 558-6519	dictum eu, eleifend nec, malesuada ut,	139	2020-01-14 23:34:06
41	Guinevere	Vincent	amet,	(721) 871-8093	id risus quis diam luctus	82	2021-06-04 16:21:55
42	Dane	Ellis	et	(440) 310-8489	metus vitae velit egestas lacinia. Sed congue, elit sed consequat auctor, nunc nulla	172	2021-12-16 06:33:13
43	Jada	Perkins	pede.	(274) 288-3588	Duis ac arcu. Nunc mauris.	83	2022-06-03 00:31:37
44	Griffin	Cline	lacus.	(748) 543-1487	urna suscipit nonummy. Fusce fermentum fermentum arcu. Vestibulum ante ipsum primis	49	2022-04-19 21:03:51
45	Megan	Castillo	ligula	(953) 878-2232	leo elementum sem, vitae aliquam eros turpis non enim. Mauris quis	147	2020-06-13 22:35:25
46	Herman	Giles	ipsum.	(952) 257-6686	sollicitudin a, malesuada id, erat. Etiam vestibulum massa rutrum magna. Cras	104	2022-04-29 22:50:52
47	Eaton	Salazar	nulla	(243) 631-6219	non arcu. Vivamus	145	2022-07-10 17:09:23
48	Wilma	Mccarty	auctor.	(608) 663-4978	natoque penatibus et magnis dis parturient montes, nascetur ridiculus mus.	197	2022-03-01 16:25:48
49	Kamal	Patterson	eget,	(153) 919-0032	diam luctus lobortis. Class aptent taciti sociosqu ad litora	95	2021-03-25 21:01:59
50	Lydia	Hancock	Mauris	(823) 273-1416	eleifend egestas. Sed pharetra, felis eget varius ultrices, mauris	73	2021-07-19 18:11:52
51	Ciara	Blackburn	a,	(910) 967-7835	est. Mauris eu turpis. Nulla aliquet. Proin velit.	158	2022-04-03 14:03:23
52	Rhiannon	Morse	mauris	(745) 322-2462	nec, malesuada ut, sem. Nulla interdum.	174	2021-05-26 01:15:11
53	Garrison	Greer	gravida	(264) 521-3112	sem molestie sodales. Mauris blandit enim consequat purus. Maecenas libero est,	73	2020-06-30 05:26:36
54	Phillip	Jones	consequat	(245) 382-3616	Donec consectetuer mauris id sapien. Cras dolor dolor,	171	2021-09-17 18:43:01
55	Whitney	Arnold	egestas	(411) 818-5477	viverra. Donec tempus, lorem fringilla ornare placerat,	172	2021-11-14 10:19:36
56	James	Beasley	nunc.	(923) 843-6311	sem semper erat,	98	2022-07-18 11:24:04
57	Baker	Francis	velit	(666) 780-0917	mauris. Morbi non sapien	110	2020-04-27 19:03:12
58	Quintessa	Clarke	sem	(895) 141-3727	arcu iaculis enim, sit amet ornare lectus justo eu arcu. Morbi sit amet	140	2021-04-18 00:37:32
59	Eagan	Simmons	lorem,	(721) 117-0518	egestas, urna justo faucibus lectus, a sollicitudin orci	1	2022-01-26 21:54:39
60	Farrah	Macias	nec	(182) 491-6478	eget nisi dictum augue malesuada malesuada. Integer id	164	2021-06-06 03:06:44
61	Paki	Benton	vel	(206) 732-0420	pharetra. Nam ac nulla. In tincidunt congue turpis. In condimentum. Donec at arcu.	81	2020-11-11 15:14:10
62	Wesley	Hickman	pede	(936) 668-8457	Duis risus	46	2022-01-28 12:32:05
63	Madison	Rodgers	Nulla	(974) 926-7561	urna. Nullam lobortis quam a felis ullamcorper viverra. Maecenas iaculis aliquet	125	2022-04-25 06:43:31
64	Cedric	Jacobs	pretium	(745) 134-9795	nec ligula consectetuer rhoncus. Nullam velit dui, semper et, lacinia vitae, sodales at, velit.	101	2022-06-05 08:19:52
65	Fatima	Rogers	interdum	(647) 814-4155	Quisque fringilla euismod enim. Etiam gravida molestie arcu. Sed	55	2022-02-07 14:09:41
66	Guy	Abbott	at,	(313) 671-9509	pharetra ut, pharetra sed, hendrerit a, arcu. Sed et libero. Proin mi.	25	2021-07-10 08:50:36
67	Colton	Flynn	sem	(528) 369-9802	enim consequat purus. Maecenas libero est, congue	30	2022-08-26 08:03:39
68	Madeline	Cotton	Nunc	(775) 587-7099	neque. Nullam nisl. Maecenas	120	2021-12-10 13:03:11
69	Reed	Sosa	ut,	(468) 248-9748	enim nec tempus	24	2021-05-08 22:16:09
70	Quon	Keith	vel,	(117) 414-2612	dolor vitae	19	2022-08-12 10:35:12
71	Nolan	Mills	quam,	(317) 767-4885	pulvinar arcu et pede. Nunc sed orci lobortis augue scelerisque mollis. Phasellus libero mauris,	156	2020-01-19 10:40:50
72	Darryl	Frye	tincidunt	(365) 850-6635	malesuada vel, venenatis vel, faucibus id, libero. Donec consectetuer mauris	30	2020-04-28 07:26:31
73	Sage	Spence	Cras	(984) 603-5583	eu enim. Etiam imperdiet dictum magna. Ut tincidunt	18	2022-05-04 16:46:17
74	Camilla	Lester	nulla.	(855) 612-6114	morbi tristique senectus et netus et malesuada fames ac	146	2021-08-08 01:11:08
75	Claudia	Kline	gravida	(292) 906-5324	gravida	49	2022-06-23 09:34:07
76	Melinda	Weber	Sed	(868) 881-6187	felis	157	2020-01-25 08:02:43
77	Norman	Salazar	vestibulum,	(882) 262-5528	mauris, rhoncus id, mollis nec, cursus a, enim.	55	2021-11-07 01:02:22
78	Yoshio	Houston	et	(907) 277-7257	Sed eu eros. Nam consequat dolor vitae dolor. Donec fringilla. Donec	152	2020-11-02 18:44:27
79	Roth	Barrett	felis	(871) 426-5935	erat. Etiam vestibulum massa rutrum magna. Cras convallis convallis	104	2021-04-23 01:33:27
80	Piper	Carrillo	massa	(165) 614-6323	non, cursus non, egestas a, dui. Cras pellentesque. Sed dictum. Proin eget odio.	73	2021-10-24 10:52:49
81	Linda	Pruitt	vehicula.	(618) 743-6541	Duis gravida. Praesent eu nulla at sem molestie sodales. Mauris blandit enim consequat purus.	169	2022-05-24 14:16:09
82	Keely	Christensen	vel	(441) 288-9382	metus. Vivamus euismod urna. Nullam lobortis quam a	5	2020-12-31 16:24:32
83	Caryn	Mathis	volutpat.	(262) 957-8543	Aliquam rutrum lorem ac risus. Morbi metus. Vivamus euismod urna. Nullam lobortis quam a felis	173	2021-10-05 01:00:32
84	Ima	Rosales	molestie	(259) 622-8832	mollis. Duis sit amet diam eu dolor egestas rhoncus. Proin	148	2020-07-09 13:40:22
85	Francesca	Cardenas	magnis	(623) 687-7684	mauris ipsum porta elit, a feugiat	50	2020-08-12 04:58:11
86	Hamilton	Pate	diam.	(758) 395-2234	risus quis diam luctus lobortis. Class aptent taciti sociosqu ad	180	2020-12-07 05:16:53
87	Claire	Harrington	at	(418) 983-5037	enim commodo hendrerit. Donec porttitor tellus non magna. Nam	144	2021-06-05 04:35:01
88	Jillian	Burnett	purus,	(347) 522-4856	elit, dictum eu, eleifend	59	2021-12-06 08:35:03
89	Remedios	Clark	nunc	(727) 804-1582	mattis. Cras eget nisi dictum augue malesuada malesuada. Integer id magna	59	2021-03-06 15:31:48
90	Ignacia	Hatfield	Integer	(133) 884-4114	et risus.	88	2020-12-09 21:57:14
91	Cora	Ruiz	fermentum	(465) 816-8845	Etiam ligula tortor, dictum eu, placerat eget, venenatis a, magna. Lorem	93	2021-01-03 17:24:23
92	Dane	Jensen	lacus.	(975) 693-3235	neque. Nullam ut nisi a odio semper cursus. Integer mollis. Integer tincidunt aliquam	145	2021-07-04 15:38:15
93	Christopher	Crosby	Phasellus	(248) 545-2316	Phasellus in felis. Nulla tempor augue ac	106	2021-04-02 11:50:11
94	Odysseus	Macdonald	sem	(589) 287-4286	scelerisque scelerisque dui. Suspendisse ac metus vitae velit egestas lacinia. Sed congue,	139	2020-06-05 11:32:03
95	Evangeline	Dickerson	eu,	(555) 310-2626	enim, sit amet ornare lectus justo eu arcu. Morbi sit amet massa.	112	2021-08-03 03:44:35
96	Lana	Dejesus	nunc	(763) 888-2163	sem mollis dui, in sodales elit erat	157	2022-06-29 02:44:25
97	Shad	Gallagher	faucibus	(282) 735-8206	malesuada vel, convallis in, cursus et, eros. Proin ultrices.	170	2020-03-26 13:25:25
98	Camille	Dodson	facilisis.	(261) 653-6357	non quam. Pellentesque habitant morbi tristique	153	2021-12-20 21:40:58
99	Winifred	Murray	a	(528) 724-0046	justo. Praesent luctus. Curabitur	120	2020-10-16 13:23:02
100	Hayden	Donovan	faucibus.	(659) 781-5018	est tempor bibendum. Donec felis orci, adipiscing non, luctus sit amet, faucibus ut, nulla. Cras	178	2021-12-13 18:52:14
101	Hadassah	Vargas	vestibulum.	(522) 305-4731	vel lectus. Cum sociis natoque	100	2022-03-16 02:06:52
102	Christine	Dunlap	ultricies	(813) 361-6674	purus gravida sagittis. Duis gravida. Praesent eu nulla at sem molestie sodales. Mauris blandit	158	2022-07-14 19:44:01
103	Fay	Finch	a	(912) 272-3490	magna, malesuada vel, convallis in, cursus et, eros. Proin ultrices.	76	2020-03-09 22:54:59
104	Meghan	Hayden	augue	(830) 225-3870	ut, sem. Nulla interdum. Curabitur dictum.	28	2022-07-03 00:00:11
105	Jane	Holland	ultrices	(511) 890-3303	porttitor eros nec	176	2022-03-10 09:55:17
106	Wendy	Harvey	Donec	(458) 157-7545	a feugiat tellus lorem eu metus. In lorem. Donec elementum, lorem	150	2021-06-04 06:02:39
107	Nadine	Whitley	molestie	(555) 680-0563	semper, dui lectus rutrum urna, nec luctus felis purus ac	127	2020-04-12 15:21:46
108	Zena	Ferguson	dictum	(233) 463-2481	eu nibh vulputate mauris sagittis placerat. Cras	167	2021-05-16 09:15:09
109	Edward	Young	eleifend.	(818) 574-4960	justo sit amet nulla.	198	2021-07-12 07:09:43
110	Freya	Singleton	egestas.	(946) 877-2650	eu, euismod ac, fermentum vel, mauris. Integer	166	2022-08-13 02:25:53
111	Macon	Velazquez	tempor	(623) 728-8712	quis massa. Mauris vestibulum, neque sed dictum eleifend, nunc	156	2021-03-05 15:23:28
112	Melissa	Saunders	urna,	(257) 627-1860	Integer aliquam adipiscing lacus. Ut nec urna et	149	2022-03-20 12:14:08
113	Jakeem	Kramer	tempus	(530) 578-5176	Nullam vitae diam. Proin dolor. Nulla semper tellus	110	2020-05-13 00:15:33
114	Chaney	Whitaker	lorem	(364) 888-9407	Mauris vestibulum, neque sed dictum eleifend, nunc risus varius orci, in consequat enim	103	2020-02-15 07:36:15
115	Lamar	Copeland	consectetuer	(495) 724-8417	Sed congue, elit sed consequat auctor, nunc	116	2022-04-02 04:23:38
116	Kermit	Robles	purus	(365) 688-9064	sit amet	149	2022-03-17 22:55:59
117	Melvin	Sloan	eget	(478) 924-4250	libero nec ligula consectetuer rhoncus. Nullam velit dui, semper et, lacinia vitae, sodales	90	2020-06-13 04:22:43
118	Ali	Graham	ipsum	(599) 518-1841	massa.	41	2020-12-08 00:00:44
119	Imogene	Mullins	lobortis	(148) 873-3512	magna. Praesent interdum ligula eu enim.	108	2021-03-27 14:58:26
120	Tad	Zimmerman	dolor	(311) 726-4856	nec ante blandit viverra. Donec tempus, lorem	177	2020-12-20 01:16:11
121	Quamar	Bradshaw	interdum.	(878) 520-7858	tincidunt nibh. Phasellus	186	2021-05-21 22:38:25
122	Vincent	Roberts	in,	(476) 643-9661	sapien. Nunc pulvinar arcu et pede. Nunc sed orci lobortis augue scelerisque mollis. Phasellus libero	197	2020-01-11 14:23:32
123	Oliver	Buck	fringilla	(761) 547-5763	consectetuer euismod est arcu ac orci. Ut semper pretium	97	2021-06-02 01:33:07
124	Marvin	Hines	feugiat	(507) 140-3642	orci luctus et ultrices posuere cubilia Curae Donec tincidunt.	58	2021-04-13 09:31:33
125	Sydney	Compton	mollis	(213) 534-7494	tincidunt dui augue eu tellus. Phasellus elit pede, malesuada	127	2022-01-02 14:24:59
126	Hammett	Rojas	Phasellus	(899) 289-6163	Aliquam	182	2022-01-07 05:01:40
127	Brennan	Rowland	enim	(811) 511-5923	dignissim pharetra.	15	2022-02-19 07:30:59
128	Stewart	Wong	porttitor	(476) 776-5895	risus. Duis a mi fringilla	187	2022-03-16 07:32:27
129	Elaine	Anderson	non	(608) 255-5687	Proin vel arcu eu odio tristique pharetra. Quisque ac libero	97	2021-04-19 20:00:42
130	Caesar	Hahn	nibh	(465) 789-1132	Proin ultrices. Duis volutpat nunc sit amet metus. Aliquam erat volutpat. Nulla facilisis.	187	2020-06-23 01:57:01
131	Raja	Garrett	lectus	(242) 686-7764	ac mattis ornare, lectus	106	2022-07-26 01:53:56
132	Amelia	Buckner	elementum,	(364) 962-5448	nisl. Quisque fringilla euismod enim. Etiam	78	2020-07-29 12:25:22
133	Kyla	Baker	auctor,	(656) 323-4316	primis in faucibus orci luctus et ultrices posuere cubilia Curae Phasellus ornare.	183	2021-01-04 13:19:50
134	Jessica	Cherry	penatibus	(463) 128-4061	magna, malesuada vel, convallis in, cursus et, eros. Proin ultrices. Duis volutpat	78	2021-12-04 20:07:10
135	Kaye	Shepherd	Cum	(961) 541-1806	varius. Nam	69	2020-01-10 08:01:58
136	Tate	Howell	aliquet,	(166) 760-3265	non nisi. Aenean eget metus.	87	2020-09-24 23:50:35
137	Simone	Fowler	lacus.	(714) 322-5957	tellus justo sit amet nulla. Donec non justo. Proin non massa non ante bibendum	8	2020-02-26 04:46:42
138	Chloe	Gilliam	Suspendisse	(287) 614-5513	egestas. Aliquam nec enim. Nunc ut erat. Sed nunc	5	2021-03-31 13:00:03
139	Tad	Jacobson	parturient	(821) 658-9751	euismod mauris eu elit. Nulla facilisi. Sed	127	2021-08-13 18:38:39
140	Guinevere	Sparks	penatibus	(376) 297-2936	mi pede, nonummy ut, molestie in, tempus eu, ligula. Aenean	36	2020-12-29 07:31:02
141	Tashya	Gray	eget	(113) 831-8769	Phasellus dolor elit, pellentesque a, facilisis non, bibendum	171	2020-07-12 11:01:37
142	Cain	Sexton	nec	(613) 822-2922	lectus pede et risus.	184	2021-08-20 07:30:36
143	Zelda	Hawkins	tempor	(368) 388-5924	velit. Sed malesuada augue ut lacus. Nulla tincidunt, neque	145	2022-03-28 20:43:16
144	Oleg	Reeves	sapien.	(843) 326-7627	ipsum dolor sit amet, consectetuer adipiscing elit. Etiam	28	2020-11-10 06:35:26
145	Reece	Morse	feugiat	(579) 376-7932	vulputate, lacus. Cras interdum. Nunc sollicitudin commodo ipsum. Suspendisse non	2	2021-06-04 22:15:39
146	Lara	Castillo	erat	(368) 846-4475	non, hendrerit	102	2020-10-09 13:17:25
147	Yvette	Evans	quis	(972) 583-0342	sollicitudin commodo ipsum.	31	2020-04-21 17:36:18
148	Felicia	Vaughn	fermentum	(439) 746-1262	orci, consectetuer euismod est arcu	117	2022-05-13 01:27:42
149	Michael	Rowland	mi.	(835) 418-7251	felis. Nulla tempor augue ac ipsum. Phasellus	43	2020-03-14 04:22:48
150	Sonya	Galloway	dignissim	(210) 541-9643	nibh. Phasellus nulla. Integer vulputate, risus a ultricies adipiscing, enim mi tempor	85	2022-08-24 22:30:15
151	Neil	Clay	risus.	(866) 560-0441	tristique pharetra. Quisque ac libero nec ligula	114	2020-05-03 20:07:07
152	Ray	Gallagher	pharetra,	(284) 672-5271	Vestibulum ante ipsum primis in	187	2020-05-20 06:28:13
153	Claire	Fitzgerald	semper.	(115) 470-6357	ante, iaculis nec, eleifend	10	2020-03-01 09:09:09
154	Shana	Harris	torquent	(479) 552-5765	a tortor. Nunc commodo auctor velit. Aliquam nisl. Nulla eu neque	68	2021-11-30 08:46:25
155	Zia	Cole	id	(608) 541-6383	nec mauris blandit	45	2020-12-10 16:41:15
156	Jescie	Acosta	Donec	(552) 874-3873	tempus, lorem fringilla ornare placerat, orci lacus vestibulum lorem, sit amet ultricies	93	2020-06-04 14:28:44
157	Uma	Rasmussen	Nunc	(251) 447-7652	faucibus. Morbi vehicula. Pellentesque tincidunt tempus risus. Donec egestas. Duis ac	130	2021-08-28 10:57:50
158	Maris	Burris	euismod	(314) 842-5776	orci. Phasellus dapibus quam quis diam.	123	2021-07-08 20:51:31
159	Damian	Reynolds	erat	(107) 433-2426	vestibulum, neque sed dictum eleifend, nunc risus varius	80	2021-08-05 18:18:31
160	Phoebe	Pennington	convallis	(890) 701-6745	dis parturient montes, nascetur ridiculus mus. Donec dignissim magna a tortor. Nunc	183	2021-11-14 18:22:47
161	Jeanette	Huff	Praesent	(661) 865-6688	mollis. Phasellus libero mauris, aliquam eu, accumsan sed,	56	2020-10-21 05:26:26
162	Iona	Gomez	at	(832) 715-7628	pellentesque, tellus sem	189	2021-10-23 03:19:03
163	Maris	Rich	Sed	(861) 784-2776	ullamcorper, velit in aliquet	142	2020-04-20 00:27:17
164	Neve	Mcintosh	parturient	(457) 617-8286	tortor, dictum eu, placerat eget,	65	2020-04-10 14:34:12
165	Barrett	Foley	Aliquam	(886) 816-3552	Ut sagittis lobortis mauris. Suspendisse	16	2021-10-10 16:51:06
166	Carolyn	Thomas	sed	(226) 357-7842	fringilla cursus purus. Nullam scelerisque neque sed sem egestas blandit. Nam	190	2022-06-12 00:34:23
167	Hedwig	Love	amet,	(737) 366-9166	morbi tristique senectus et netus	27	2020-11-14 00:08:16
168	Evelyn	Poole	justo	(838) 582-4979	sit amet	149	2021-10-20 00:24:11
169	Aidan	Lucas	lobortis	(846) 521-4682	lacus. Nulla tincidunt, neque vitae semper egestas, urna justo faucibus lectus, a sollicitudin orci sem	122	2021-07-06 00:53:37
170	Cathleen	Atkinson	Vestibulum	(628) 752-3693	in, tempus eu, ligula.	188	2022-07-20 16:13:55
171	Zephr	Bond	vel	(773) 928-4426	parturient montes, nascetur ridiculus	164	2022-01-13 15:31:46
172	Celeste	Gould	faucibus	(355) 640-4646	ut, pellentesque eget, dictum placerat, augue. Sed molestie. Sed id risus	44	2020-02-19 07:19:14
173	Josiah	Jackson	egestas.	(669) 113-6786	id nunc interdum feugiat. Sed nec metus facilisis lorem	31	2022-06-16 15:38:23
174	Kellie	Carrillo	et	(407) 131-1371	a sollicitudin orci sem eget massa. Suspendisse	134	2020-08-21 17:09:26
175	Libby	Drake	mollis	(278) 238-5735	quam dignissim pharetra.	95	2022-03-20 16:14:58
176	Erasmus	Hernandez	Fusce	(884) 588-2235	sit amet luctus vulputate, nisi sem semper erat, in consectetuer	75	2021-08-24 13:02:05
177	Damian	Perkins	a,	(855) 273-5012	Aliquam nec	36	2021-02-14 21:21:36
178	Xander	Castaneda	iaculis,	(554) 827-8252	magna a tortor. Nunc commodo auctor velit. Aliquam nisl. Nulla eu neque pellentesque	91	2022-02-17 19:00:45
179	TaShya	Griffin	Donec	(103) 879-1865	euismod et, commodo at, libero.	92	2021-06-04 03:02:10
180	Geoffrey	Howard	sed	(955) 772-5839	eu, accumsan sed, facilisis vitae, orci. Phasellus	25	2020-03-31 08:03:57
181	MacKensie	Kirk	ligula.	(748) 558-4385	nisi. Mauris nulla. Integer urna. Vivamus molestie dapibus ligula. Aliquam	175	2020-05-29 02:36:35
182	Maris	James	velit	(581) 452-6537	felis. Donec tempor,	121	2020-05-28 13:08:23
183	Danielle	Lawrence	quis	(663) 351-1668	molestie. Sed id risus quis diam luctus lobortis.	61	2021-10-08 10:54:21
184	Lionel	Decker	imperdiet	(742) 523-5531	pede blandit congue. In scelerisque scelerisque dui. Suspendisse ac metus vitae velit	33	2022-03-04 10:08:19
185	Diana	Soto	lobortis	(834) 721-6716	elit, pretium et, rutrum non, hendrerit id, ante. Nunc mauris sapien, cursus	166	2022-05-28 03:35:31
186	Allen	Maxwell	Nulla	(363) 563-5374	id, erat. Etiam vestibulum massa rutrum magna. Cras convallis convallis dolor. Quisque	38	2020-10-31 09:23:54
187	Quynn	Reese	sed	(346) 853-8203	lacus. Cras interdum. Nunc sollicitudin commodo ipsum. Suspendisse non leo. Vivamus nibh dolor,	190	2021-05-11 17:45:37
188	Barbara	Valenzuela	dolor.	(696) 567-4342	gravida. Aliquam tincidunt, nunc ac mattis ornare, lectus	180	2021-11-09 15:14:45
189	Linda	Caldwell	dui.	(927) 883-6923	tincidunt aliquam arcu. Aliquam ultrices iaculis odio.	3	2022-03-25 21:07:30
190	Joshua	Snow	montes,	(757) 666-9896	est ac mattis	56	2020-01-12 18:06:56
191	Marvin	Beach	rutrum.	(876) 408-6757	fermentum vel, mauris. Integer sem elit, pharetra ut, pharetra sed, hendrerit	79	2022-03-14 03:03:56
192	Scott	Hampton	amet	(753) 380-0612	sem,	118	2020-04-08 08:53:21
193	Walter	Morin	ornare.	(872) 391-2076	nec tellus. Nunc lectus	34	2022-03-25 18:37:10
194	Lunea	Lamb	rutrum	(527) 601-6691	Proin eget odio. Aliquam vulputate ullamcorper magna.	42	2021-01-15 21:39:31
195	Keelie	Poole	cubilia	(578) 218-6615	ultrices. Duis volutpat nunc sit amet metus. Aliquam erat	188	2021-07-14 21:41:20
196	Fredericka	Christensen	Cras	(710) 980-2261	odio a purus. Duis elementum, dui quis accumsan convallis, ante lectus convallis	129	2021-12-27 19:37:29
197	Quinn	Peters	mauris,	(336) 768-6263	dignissim magna a	193	2020-04-26 07:54:26
198	Igor	Mcneil	quis	(445) 757-2527	felis. Nulla tempor augue ac ipsum. Phasellus	188	2021-04-17 12:48:39
199	Axel	Barry	mi	(680) 121-1804	dolor. Donec fringilla. Donec feugiat metus sit amet ante. Vivamus	13	2020-08-30 09:34:38
200	Amal	Bullock	nulla	(711) 655-6831	mauris, aliquam eu, accumsan sed, facilisis vitae, orci. Phasellus dapibus quam quis	61	2021-03-19 09:27:04
\.


--
-- Name: channels_id_seq; Type: SEQUENCE SET; Schema: public; Owner: gb_user
--

SELECT pg_catalog.setval('public.channels_id_seq', 200, true);


--
-- Name: channels_messages_id_seq; Type: SEQUENCE SET; Schema: public; Owner: gb_user
--

SELECT pg_catalog.setval('public.channels_messages_id_seq', 200, true);


--
-- Name: comment_channels_messages_id_seq; Type: SEQUENCE SET; Schema: public; Owner: gb_user
--

SELECT pg_catalog.setval('public.comment_channels_messages_id_seq', 200, true);


--
-- Name: groups_id_seq; Type: SEQUENCE SET; Schema: public; Owner: gb_user
--

SELECT pg_catalog.setval('public.groups_id_seq', 200, true);


--
-- Name: groups_messages_id_seq; Type: SEQUENCE SET; Schema: public; Owner: gb_user
--

SELECT pg_catalog.setval('public.groups_messages_id_seq', 200, true);


--
-- Name: messages_statuses_id_seq; Type: SEQUENCE SET; Schema: public; Owner: gb_user
--

SELECT pg_catalog.setval('public.messages_statuses_id_seq', 3, true);


--
-- Name: messages_users_id_seq; Type: SEQUENCE SET; Schema: public; Owner: gb_user
--

SELECT pg_catalog.setval('public.messages_users_id_seq', 200, true);


--
-- Name: photo_channels_id_seq; Type: SEQUENCE SET; Schema: public; Owner: gb_user
--

SELECT pg_catalog.setval('public.photo_channels_id_seq', 200, true);


--
-- Name: photo_groups_id_seq; Type: SEQUENCE SET; Schema: public; Owner: gb_user
--

SELECT pg_catalog.setval('public.photo_groups_id_seq', 200, true);


--
-- Name: photo_users_id_seq; Type: SEQUENCE SET; Schema: public; Owner: gb_user
--

SELECT pg_catalog.setval('public.photo_users_id_seq', 200, true);


--
-- Name: statuses_users_id_seq; Type: SEQUENCE SET; Schema: public; Owner: gb_user
--

SELECT pg_catalog.setval('public.statuses_users_id_seq', 2, true);


--
-- Name: users_id_seq; Type: SEQUENCE SET; Schema: public; Owner: gb_user
--

SELECT pg_catalog.setval('public.users_id_seq', 200, true);


--
-- Name: channels_messages channels_messages_pkey; Type: CONSTRAINT; Schema: public; Owner: gb_user
--

ALTER TABLE ONLY public.channels_messages
    ADD CONSTRAINT channels_messages_pkey PRIMARY KEY (id);


--
-- Name: channels channels_name_key; Type: CONSTRAINT; Schema: public; Owner: gb_user
--

ALTER TABLE ONLY public.channels
    ADD CONSTRAINT channels_name_key UNIQUE (name);


--
-- Name: channels channels_pkey; Type: CONSTRAINT; Schema: public; Owner: gb_user
--

ALTER TABLE ONLY public.channels
    ADD CONSTRAINT channels_pkey PRIMARY KEY (id);


--
-- Name: channels_users channels_users_pkey; Type: CONSTRAINT; Schema: public; Owner: gb_user
--

ALTER TABLE ONLY public.channels_users
    ADD CONSTRAINT channels_users_pkey PRIMARY KEY (channel_id, user_id);


--
-- Name: comment_channels_messages comment_channels_messages_pkey; Type: CONSTRAINT; Schema: public; Owner: gb_user
--

ALTER TABLE ONLY public.comment_channels_messages
    ADD CONSTRAINT comment_channels_messages_pkey PRIMARY KEY (id);


--
-- Name: groups_messages groups_messages_pkey; Type: CONSTRAINT; Schema: public; Owner: gb_user
--

ALTER TABLE ONLY public.groups_messages
    ADD CONSTRAINT groups_messages_pkey PRIMARY KEY (id);


--
-- Name: groups groups_name_key; Type: CONSTRAINT; Schema: public; Owner: gb_user
--

ALTER TABLE ONLY public.groups
    ADD CONSTRAINT groups_name_key UNIQUE (name);


--
-- Name: groups groups_pkey; Type: CONSTRAINT; Schema: public; Owner: gb_user
--

ALTER TABLE ONLY public.groups
    ADD CONSTRAINT groups_pkey PRIMARY KEY (id);


--
-- Name: groups_users groups_users_pkey; Type: CONSTRAINT; Schema: public; Owner: gb_user
--

ALTER TABLE ONLY public.groups_users
    ADD CONSTRAINT groups_users_pkey PRIMARY KEY (group_id, user_id);


--
-- Name: messages_statuses messages_statuses_name_key; Type: CONSTRAINT; Schema: public; Owner: gb_user
--

ALTER TABLE ONLY public.messages_statuses
    ADD CONSTRAINT messages_statuses_name_key UNIQUE (name);


--
-- Name: messages_statuses messages_statuses_pkey; Type: CONSTRAINT; Schema: public; Owner: gb_user
--

ALTER TABLE ONLY public.messages_statuses
    ADD CONSTRAINT messages_statuses_pkey PRIMARY KEY (id);


--
-- Name: messages_users messages_users_pkey; Type: CONSTRAINT; Schema: public; Owner: gb_user
--

ALTER TABLE ONLY public.messages_users
    ADD CONSTRAINT messages_users_pkey PRIMARY KEY (id);


--
-- Name: photo_channels photo_channels_pkey; Type: CONSTRAINT; Schema: public; Owner: gb_user
--

ALTER TABLE ONLY public.photo_channels
    ADD CONSTRAINT photo_channels_pkey PRIMARY KEY (id);


--
-- Name: photo_channels photo_channels_url_key; Type: CONSTRAINT; Schema: public; Owner: gb_user
--

ALTER TABLE ONLY public.photo_channels
    ADD CONSTRAINT photo_channels_url_key UNIQUE (url);


--
-- Name: photo_groups photo_groups_pkey; Type: CONSTRAINT; Schema: public; Owner: gb_user
--

ALTER TABLE ONLY public.photo_groups
    ADD CONSTRAINT photo_groups_pkey PRIMARY KEY (id);


--
-- Name: photo_groups photo_groups_url_key; Type: CONSTRAINT; Schema: public; Owner: gb_user
--

ALTER TABLE ONLY public.photo_groups
    ADD CONSTRAINT photo_groups_url_key UNIQUE (url);


--
-- Name: photo_users photo_users_pkey; Type: CONSTRAINT; Schema: public; Owner: gb_user
--

ALTER TABLE ONLY public.photo_users
    ADD CONSTRAINT photo_users_pkey PRIMARY KEY (id);


--
-- Name: photo_users photo_users_url_key; Type: CONSTRAINT; Schema: public; Owner: gb_user
--

ALTER TABLE ONLY public.photo_users
    ADD CONSTRAINT photo_users_url_key UNIQUE (url);


--
-- Name: statuses_users statuses_users_name_key; Type: CONSTRAINT; Schema: public; Owner: gb_user
--

ALTER TABLE ONLY public.statuses_users
    ADD CONSTRAINT statuses_users_name_key UNIQUE (name);


--
-- Name: statuses_users statuses_users_pkey; Type: CONSTRAINT; Schema: public; Owner: gb_user
--

ALTER TABLE ONLY public.statuses_users
    ADD CONSTRAINT statuses_users_pkey PRIMARY KEY (id);


--
-- Name: users users_phone_key; Type: CONSTRAINT; Schema: public; Owner: gb_user
--

ALTER TABLE ONLY public.users
    ADD CONSTRAINT users_phone_key UNIQUE (phone);


--
-- Name: users users_pkey; Type: CONSTRAINT; Schema: public; Owner: gb_user
--

ALTER TABLE ONLY public.users
    ADD CONSTRAINT users_pkey PRIMARY KEY (id);


--
-- Name: channels channels_creator_id_fk; Type: FK CONSTRAINT; Schema: public; Owner: gb_user
--

ALTER TABLE ONLY public.channels
    ADD CONSTRAINT channels_creator_id_fk FOREIGN KEY (creator_id) REFERENCES public.users(id);


--
-- Name: channels channels_main_photo_id_fk; Type: FK CONSTRAINT; Schema: public; Owner: gb_user
--

ALTER TABLE ONLY public.channels
    ADD CONSTRAINT channels_main_photo_id_fk FOREIGN KEY (main_photo_id) REFERENCES public.photo_channels(id) ON DELETE SET DEFAULT;


--
-- Name: channels_messages channels_messages_channel_id_fk; Type: FK CONSTRAINT; Schema: public; Owner: gb_user
--

ALTER TABLE ONLY public.channels_messages
    ADD CONSTRAINT channels_messages_channel_id_fk FOREIGN KEY (channel_id) REFERENCES public.channels(id);


--
-- Name: channels_users channels_users_channel_id_fk; Type: FK CONSTRAINT; Schema: public; Owner: gb_user
--

ALTER TABLE ONLY public.channels_users
    ADD CONSTRAINT channels_users_channel_id_fk FOREIGN KEY (channel_id) REFERENCES public.channels(id) ON DELETE CASCADE;


--
-- Name: channels_users channels_users_user_id_fk; Type: FK CONSTRAINT; Schema: public; Owner: gb_user
--

ALTER TABLE ONLY public.channels_users
    ADD CONSTRAINT channels_users_user_id_fk FOREIGN KEY (user_id) REFERENCES public.users(id) ON DELETE CASCADE;


--
-- Name: comment_channels_messages comment_channels_messages_from_user_id_fk; Type: FK CONSTRAINT; Schema: public; Owner: gb_user
--

ALTER TABLE ONLY public.comment_channels_messages
    ADD CONSTRAINT comment_channels_messages_from_user_id_fk FOREIGN KEY (from_user_id) REFERENCES public.users(id);


--
-- Name: comment_channels_messages comment_channels_messages_to_channel_message_id_fk; Type: FK CONSTRAINT; Schema: public; Owner: gb_user
--

ALTER TABLE ONLY public.comment_channels_messages
    ADD CONSTRAINT comment_channels_messages_to_channel_message_id_fk FOREIGN KEY (to_channel_message_id) REFERENCES public.channels_messages(id);


--
-- Name: groups groups_creator_id_fk; Type: FK CONSTRAINT; Schema: public; Owner: gb_user
--

ALTER TABLE ONLY public.groups
    ADD CONSTRAINT groups_creator_id_fk FOREIGN KEY (creator_id) REFERENCES public.users(id);


--
-- Name: groups groups_main_photo_id_fk; Type: FK CONSTRAINT; Schema: public; Owner: gb_user
--

ALTER TABLE ONLY public.groups
    ADD CONSTRAINT groups_main_photo_id_fk FOREIGN KEY (main_photo_id) REFERENCES public.photo_groups(id) ON DELETE SET DEFAULT;


--
-- Name: groups_messages groups_messages_from_user_id_fk; Type: FK CONSTRAINT; Schema: public; Owner: gb_user
--

ALTER TABLE ONLY public.groups_messages
    ADD CONSTRAINT groups_messages_from_user_id_fk FOREIGN KEY (from_user_id) REFERENCES public.users(id);


--
-- Name: groups_messages groups_messages_group_id_fk; Type: FK CONSTRAINT; Schema: public; Owner: gb_user
--

ALTER TABLE ONLY public.groups_messages
    ADD CONSTRAINT groups_messages_group_id_fk FOREIGN KEY (group_id) REFERENCES public.groups(id);


--
-- Name: groups_messages groups_messages_status_id_fk; Type: FK CONSTRAINT; Schema: public; Owner: gb_user
--

ALTER TABLE ONLY public.groups_messages
    ADD CONSTRAINT groups_messages_status_id_fk FOREIGN KEY (status_id) REFERENCES public.messages_statuses(id);


--
-- Name: groups_users groups_users_group_id_fk; Type: FK CONSTRAINT; Schema: public; Owner: gb_user
--

ALTER TABLE ONLY public.groups_users
    ADD CONSTRAINT groups_users_group_id_fk FOREIGN KEY (group_id) REFERENCES public.groups(id) ON DELETE CASCADE;


--
-- Name: groups_users groups_users_status_id_fk; Type: FK CONSTRAINT; Schema: public; Owner: gb_user
--

ALTER TABLE ONLY public.groups_users
    ADD CONSTRAINT groups_users_status_id_fk FOREIGN KEY (status_id) REFERENCES public.statuses_users(id) ON DELETE CASCADE;


--
-- Name: groups_users groups_users_user_id_fk; Type: FK CONSTRAINT; Schema: public; Owner: gb_user
--

ALTER TABLE ONLY public.groups_users
    ADD CONSTRAINT groups_users_user_id_fk FOREIGN KEY (user_id) REFERENCES public.users(id) ON DELETE CASCADE;


--
-- Name: messages_users messages_users_from_user_id_fk; Type: FK CONSTRAINT; Schema: public; Owner: gb_user
--

ALTER TABLE ONLY public.messages_users
    ADD CONSTRAINT messages_users_from_user_id_fk FOREIGN KEY (from_user_id) REFERENCES public.users(id);


--
-- Name: messages_users messages_users_status_id_fk; Type: FK CONSTRAINT; Schema: public; Owner: gb_user
--

ALTER TABLE ONLY public.messages_users
    ADD CONSTRAINT messages_users_status_id_fk FOREIGN KEY (status_id) REFERENCES public.messages_statuses(id);


--
-- Name: messages_users messages_users_to_user_id_fk; Type: FK CONSTRAINT; Schema: public; Owner: gb_user
--

ALTER TABLE ONLY public.messages_users
    ADD CONSTRAINT messages_users_to_user_id_fk FOREIGN KEY (to_user_id) REFERENCES public.users(id);


--
-- Name: photo_channels photo_channels_user_id_fk; Type: FK CONSTRAINT; Schema: public; Owner: gb_user
--

ALTER TABLE ONLY public.photo_channels
    ADD CONSTRAINT photo_channels_user_id_fk FOREIGN KEY (channel_id) REFERENCES public.channels(id) ON DELETE CASCADE;


--
-- Name: photo_groups photo_groups_user_id_fk; Type: FK CONSTRAINT; Schema: public; Owner: gb_user
--

ALTER TABLE ONLY public.photo_groups
    ADD CONSTRAINT photo_groups_user_id_fk FOREIGN KEY (group_id) REFERENCES public.groups(id) ON DELETE CASCADE;


--
-- Name: photo_users photo_users_user_id_fk; Type: FK CONSTRAINT; Schema: public; Owner: gb_user
--

ALTER TABLE ONLY public.photo_users
    ADD CONSTRAINT photo_users_user_id_fk FOREIGN KEY (user_id) REFERENCES public.users(id) ON DELETE CASCADE;


--
-- Name: users users_main_photo_id_fk; Type: FK CONSTRAINT; Schema: public; Owner: gb_user
--

ALTER TABLE ONLY public.users
    ADD CONSTRAINT users_main_photo_id_fk FOREIGN KEY (main_photo_id) REFERENCES public.photo_users(id) ON DELETE SET DEFAULT;


--
-- PostgreSQL database dump complete
--

